"Player","Team","Position","Rk","Status","Opponent","FPts","FP/G","% Owned","+/-","GP","GS","Min","G","G/G","A","Pts","S","SOT","FC","FS","YC","RC","DPt","Off","PKG","CS"
"Harry Kane","TOT","F","1","BS420FC","@BUR Tue 9:00AM","167.25","33.45","100%","0%","5","5","444","5","1.0","7","12","25","13","4","5","0","0","4","2","1","0"
"Bruno Fernandes","MUN","M","2","MKJ","CHE 0<br/>@MUN 0 F","146.75","29.35","100%","0%","5","5","405","3","0.6","2","5","13","7","5","6","1","0","8","0","2","1"
"Son Heung-Min","TOT","M,F","3","BigUps","@BUR Tue 9:00AM","146.5","29.3","100%","0%","5","5","378","7","1.4","2","9","12","9","1","2","0","0","1","4","0","0"
"Ben Chilwell","CHE","D","4","BS420FC","CHE 0<br/>@MUN 0 F","81.5","27.17","100%","0%","3","3","270","1","0.3","2","3","3","2","4","5","1","0","7","0","0","2"
"Mohamed Salah","LIV","F","5","ratzzz","SHU 1<br/>@LIV 2 F","162.75","27.12","100%","0%","6","6","540","6","1.0","0","6","29","12","3","4","0","0","3","1","2","1"
"Jack Grealish","AVL","M","6","Joe","LEE 3<br/>@AVL 0 F","135","27","100%","0%","5","5","450","3","0.6","3","6","11","5","10","18","1","0","13","0","0","3"
"Sadio Mane","LIV","F","7","Blkeburn","SHU 1<br/>@LIV 2 F","124","24.8","100%","0%","5","5","440","4","0.8","1","5","20","9","9","19","2","0","15","5","0","1"
"Kevin De Bruyne","MCI","M","8","Joe","MCI 1<br/>@WHU 1 F","93.5","23.38","100%","0%","4","3","292","1","0.3","1","2","12","5","5","3","0","0","5","1","1","0"
"James Rodriguez","EVE","M,F","9","BCFC","EVE 0<br/>@SOU 2 F","137","22.83","94%","-0.1%","6","6","511","3","0.5","3","6","14","6","6","16","1","0","9","1","0","1"
"Conor Hourihane","AVL","M","10","W (Mon)","LEE 3<br/>@AVL 0 F","45.25","22.62","21%","-0.3%","2","2","138","1","0.5","1","2","3","1","1","0","0","0","1","0","0","2"
"Serge Aurier","TOT","D","11","WW69","@BUR Tue 9:00AM","44.25","22.12","88%","+0.3%","2","2","180","1","0.5","1","2","3","2","4","2","0","0","4","0","0","0"
"Branislav Ivanovic","WBA","D","12","FA","@BHA Tue 6:30AM","19.75","19.75","10%","+1.3%","1","1","90","0","0.0","0","0","3","1","1","0","0","0","1","0","0","1"
"Gabriel Jesus","MCI","F","13","STV","MCI 1<br/>@WHU 1 F","19.75","19.75","98%","-0.1%","1","1","90","1","1.0","0","1","3","3","1","3","1","0","4","3","0","0"
"Dominic Calvert-Lewin","EVE","F","14","Bantztas","EVE 0<br/>@SOU 2 F","114.75","19.12","100%","0%","6","6","520","7","1.2","0","7","20","12","5","8","1","0","8","2","0","1"
"Jorginho","CHE","M","15","Blkeburn","CHE 0<br/>@MUN 0 F","91.25","18.25","89%","+0.1%","5","5","434","3","0.6","1","4","6","4","6","4","0","0","6","0","3","2"
"Ollie Watkins","AVL","F","16","Joe","LEE 3<br/>@AVL 0 F","90.25","18.05","89%","+0.1%","5","5","450","3","0.6","1","4","13","5","6","6","0","0","6","7","0","3"
"Juan Mata","MUN","M","17","W (Tue)","CHE 0<br/>@MUN 0 F","36","18","25%","+9.8%","2","2","147","0","0.0","1","1","2","2","0","0","0","0","0","2","0","0"
"Patrick Bamford","LEE","F","18","248 SC","LEE 3<br/>@AVL 0 F","107","17.83","96%","+0.4%","6","6","492","6","1.0","1","7","23","11","9","3","1","0","12","4","0","2"
"Mateusz Klich","LEE","M","19","splitt1n","LEE 3<br/>@AVL 0 F","106.75","17.79","96%","+0.2%","6","6","518","2","0.3","2","4","5","3","12","4","2","0","18","1","1","2"
"Tom Cairney","FUL","M","20","STV","CRY 2<br/>@FUL 1 F","88.75","17.75","17%","+2.6%","5","5","450","1","0.2","0","1","5","3","3","9","2","0","9","0","0","0"
"Solly March","BHA","M","21","ratzzz","WBA Tue 6:30AM","88.25","17.65","78%","-0.1%","5","5","438","1","0.2","1","2","6","1","7","6","0","0","7","0","0","1"
"Joao Cancelo","MCI","D","22","BigUps","MCI 1<br/>@WHU 1 F","35.25","17.62","88%","+2.7%","2","2","180","0","0.0","1","1","2","0","3","3","1","0","6","0","0","1"
"Riyad Mahrez","MCI","M,F","23","Blkeburn","MCI 1<br/>@WHU 1 F","68.5","17.12","100%","-0.1%","4","4","347","1","0.3","1","2","13","5","5","6","0","0","5","0","0","1"
"Jamie Vardy","LEI","F","24","WW69","LEI 1<br/>@ARS 0 F","85.5","17.1","100%","0%","5","4","385","6","1.2","0","6","9","7","6","6","0","0","6","7","4","1"
"John McGinn","AVL","M","25","BS420FC","LEE 3<br/>@AVL 0 F","85.25","17.05","98%","0%","5","5","450","1","0.2","4","5","8","2","4","10","3","0","13","0","0","3"
"Ahmed Hegazi","WBA","D","26","FA","@BHA Tue 6:30AM","16.75","16.75","2%","+0.2%","1","1","90","0","0.0","0","0","0","0","0","0","0","0","0","0","0","1"
"Neal Maupay","BHA","F","27","ratzzz","WBA Tue 6:30AM","83.25","16.65","98%","-0.1%","5","5","450","4","0.8","1","5","18","8","4","6","0","0","4","1","2","1"
"Marcus Rashford","MUN","F","28","BCFC","CHE 0<br/>@MUN 0 F","83","16.6","100%","0%","5","5","450","2","0.4","2","4","13","7","3","6","1","0","6","5","0","1"
"Matheus Pereira","WBA","M","29","Joe","@BHA Tue 6:30AM","82.75","16.55","99%","0%","5","5","428","1","0.2","2","3","8","4","7","12","0","0","7","3","0","1"
"Jack Harrison","LEE","M","30","Blkeburn","LEE 3<br/>@AVL 0 F","82.75","16.55","92%","0%","5","5","442","1","0.2","1","2","6","2","4","5","0","0","4","3","0","2"
"Kurt Zouma","CHE","D","31","splitt1n","CHE 0<br/>@MUN 0 F","82.75","16.55","82%","+0.3%","5","5","450","2","0.4","0","2","5","4","3","0","0","0","3","0","0","2"
"Wilfried Zaha","CRY","M,F","32","248 SC","CRY 2<br/>@FUL 1 F","99.25","16.54","100%","0%","6","6","540","5","0.8","1","6","15","7","9","18","1","0","12","4","2","1"
"Danny Ings","SOU","F","33","BigUps","EVE 0<br/>@SOU 2 F","99.25","16.54","100%","0%","6","6","540","4","0.7","2","6","13","8","4","8","0","0","4","3","1","3"
"Maximilian Kilman","WOL","D","34","W (Wed)","NEW 1<br/>@WOL 1 F","49.5","16.5","55%","+3.5%","3","3","270","0","0.0","1","1","0","0","3","0","0","0","3","0","0","2"
"Aaron Cresswell","WHU","D","35","STV","MCI 1<br/>@WHU 1 F","98.5","16.42","83%","0%","6","6","540","0","0.0","3","3","1","0","0","2","0","0","0","0","0","2"
"Jannik Vestergaard","SOU","D","36","BigUps","EVE 0<br/>@SOU 2 F","81.5","16.3","66%","+0.6%","5","4","405","1","0.2","0","1","2","2","4","1","0","0","4","0","0","3"
"Lucas Digne","EVE","D","37","STV","EVE 0<br/>@SOU 2 F","96","16","100%","0%","6","6","522","0","0.0","2","2","2","0","9","2","0","1","15","0","0","1"
"Thiago","LIV","M","38","Bantztas","SHU 1<br/>@LIV 2 F","31.5","15.75","87%","-0.7%","2","1","135","0","0.0","0","0","3","0","4","2","0","0","4","0","0","0"
"Tyrone Mings","AVL","D","39","BCFC","LEE 3<br/>@AVL 0 F","78","15.6","88%","-0.2%","5","5","450","1","0.2","1","2","3","2","2","3","2","0","8","1","0","3"
"Andrew Robertson","LIV","D","40","BCFC","SHU 1<br/>@LIV 2 F","93.5","15.58","100%","0%","6","6","540","1","0.2","2","3","5","2","4","0","0","0","4","1","0","1"
"Ademola Lookman","FUL","F","41","Joe","CRY 2<br/>@FUL 1 F","46.75","15.58","58%","+1.4%","3","2","203","1","0.3","0","1","9","3","2","4","0","0","2","0","0","0"
"Timothy Castagne","LEI","D,M","42","BS420FC","LEI 1<br/>@ARS 0 F","91.5","15.25","95%","+0.1%","6","6","540","1","0.2","2","3","2","2","4","1","1","0","7","0","0","2"
"Phil Foden","MCI","M,F","43","BigUps","MCI 1<br/>@WHU 1 F","75.75","15.15","100%","0%","5","4","378","2","0.4","0","2","11","5","2","3","0","0","2","0","0","1"
"Matthew Cash","AVL","D","44","Joe","LEE 3<br/>@AVL 0 F","75.25","15.05","74%","+0.1%","5","5","440","0","0.0","0","0","2","0","7","5","2","0","13","0","0","3"
"Antonee Robinson","FUL","D","45","W (Tue)","CRY 2<br/>@FUL 1 F","45","15","8%","+1.3%","3","3","270","0","0.0","0","0","1","1","1","2","0","0","1","0","0","0"
"Bukayo Saka","ARS","M","46","WW69","LEI 1<br/>@ARS 0 F","59.5","14.88","90%","+0.4%","4","4","331","1","0.3","0","1","10","5","0","10","0","0","0","3","0","0"
"Callum Wilson","NEW","F","47","BS420FC","NEW 1<br/>@WOL 1 F","89","14.83","92%","-0.1%","6","6","535","4","0.7","1","5","12","5","9","10","0","0","9","5","2","1"
"Raul Jimenez","WOL","F","48","Blkeburn","NEW 1<br/>@WOL 1 F","88.5","14.75","100%","0%","6","6","540","4","0.7","0","4","21","8","2","11","0","0","2","3","0","3"
"Reece James","CHE","D,M","49","ratzzz","CHE 0<br/>@MUN 0 F","73.75","14.75","98%","+0.6%","5","4","363","1","0.2","1","2","2","1","4","2","1","0","7","0","0","1"
"James Ward-Prowse","SOU","M","50","Joe","EVE 0<br/>@SOU 2 F","87.75","14.62","97%","-0.2%","6","6","540","1","0.2","0","1","6","4","8","7","0","0","8","0","0","3"
"Ezri Konsa Ngoyo","AVL","D","51","STV","LEE 3<br/>@AVL 0 F","73","14.6","73%","-0.3%","5","5","450","1","0.2","0","1","3","2","3","17","0","0","3","1","0","3"
"Kalvin Phillips","LEE","M","52","splitt1n","LEE 3<br/>@AVL 0 F","72.25","14.45","87%","-0.4%","5","5","450","0","0.0","1","1","2","1","4","7","2","0","10","0","0","1"
"Fabian Balbuena","WHU","D","53","W (Tue)","MCI 1<br/>@WHU 1 F","57.5","14.38","25%","+0.6%","4","4","360","1","0.3","0","1","3","1","4","0","1","0","7","0","0","2"
"Youri Tielemans","LEI","M","54","BCFC","LEI 1<br/>@ARS 0 F","86.25","14.38","98%","-0.5%","6","6","540","1","0.2","0","1","5","5","8","13","3","0","17","0","1","2"
"Andros Townsend","CRY","M","55","BigUps","CRY 2<br/>@FUL 1 F","86","14.33","90%","+0.1%","6","6","540","1","0.2","2","3","4","1","13","11","0","0","13","1","0","1"
"Jimmy Dunne","BUR","D","56","FA","TOT Tue 9:00AM","28.5","14.25","4%","-0.2%","2","2","180","1","0.5","0","1","3","1","1","2","0","0","1","0","0","0"
"Andre-Frank Zambo Anguissa","FUL","M","57","BS420FC","CRY 2<br/>@FUL 1 F","85.25","14.21","52%","-0.3%","6","5","453","0","0.0","1","1","5","1","8","3","1","0","11","0","0","0"
"Pedro Neto","WOL","M,F","58","BS420FC","NEW 1<br/>@WOL 1 F","84.75","14.12","82%","+0.2%","6","6","497","1","0.2","1","2","12","2","9","8","0","0","9","1","0","3"
"Mason Mount","CHE","M","59","248 SC","CHE 0<br/>@MUN 0 F","70.25","14.05","99%","-0.4%","5","4","360","1","0.2","0","1","10","3","5","6","0","0","5","0","0","0"
"Raheem Sterling","MCI","F","60","splitt1n","MCI 1<br/>@WHU 1 F","70","14","100%","0%","5","5","442","2","0.4","1","3","12","5","9","7","0","0","9","2","0","1"
"Tariq Lamptey","BHA","D,M","61","Joe","WBA Tue 6:30AM","70","14","96%","+0.1%","5","5","373","0","0.0","1","1","3","1","11","15","1","0","14","0","0","0"
"Ryan Fredericks","WHU","D","62","W (Tue)","MCI 1<br/>@WHU 1 F","41.75","13.92","16%","-1.6%","3","3","229","0","0.0","1","1","0","0","5","2","2","0","11","1","0","0"
"Trezeguet","AVL","M,F","63","ratzzz","LEE 3<br/>@AVL 0 F","69.5","13.9","75%","-0.1%","5","5","408","0","0.0","1","1","6","1","14","3","0","0","14","0","0","3"
"Richarlison","EVE","M,F","64","MKJ","EVE 0<br/>@SOU 2 F","69","13.8","100%","0%","5","5","383","1","0.2","2","3","16","3","6","14","1","1","15","1","1","1"
"Timo Werner","CHE","M,F","65","248 SC","CHE 0<br/>@MUN 0 F","82.5","13.75","100%","0%","6","6","520","2","0.3","1","3","15","6","6","5","0","0","6","5","0","2"
"Leandro Trossard","BHA","M,F","66","Joe","WBA Tue 6:30AM","67","13.4","95%","0%","5","5","438","1","0.2","1","2","13","4","4","3","1","0","7","0","0","1"
"Kenny Tete","FUL","D","67","W (Tue)","CRY 2<br/>@FUL 1 F","26.75","13.38","9%","-0.2%","2","2","129","0","0.0","1","1","0","0","3","1","1","0","6","0","0","0"
"Ross Barkley","AVL","M","68","BS420FC","LEE 3<br/>@AVL 0 F","66.75","13.35","86%","+0.2%","5","3","310","2","0.4","0","2","12","5","7","5","0","0","7","1","0","1"
"Arthur Masuaku","WHU","D","69","W (Tue)","MCI 1<br/>@WHU 1 F","66.5","13.3","49%","-0.5%","5","5","448","0","0.0","1","1","5","1","5","2","1","0","8","0","0","2"
"Stuart Dallas","LEE","D,M","70","BS420FC","LEE 3<br/>@AVL 0 F","79.5","13.25","57%","+0.4%","6","6","540","0","0.0","0","0","6","5","3","11","1","0","6","0","0","2"
"Allan Saint-Maximin","NEW","F","71","ratzzz","NEW 1<br/>@WOL 1 F","66","13.2","99%","+0.1%","5","5","350","1","0.2","1","2","4","3","2","18","0","0","2","0","0","1"
"Vladimir Coufal","WHU","D","72","W (Tue)","MCI 1<br/>@WHU 1 F","39.5","13.17","12%","+1.1%","3","3","270","0","0.0","1","1","1","0","3","3","2","0","9","0","0","1"
"Michail Antonio","WHU","M,F","73","WW69","MCI 1<br/>@WHU 1 F","79","13.17","99%","-0.1%","6","6","485","3","0.5","0","3","18","9","8","17","1","0","11","7","0","2"
"Roberto Firmino","LIV","F","74","Bantztas","SHU 1<br/>@LIV 2 F","78.5","13.08","100%","0%","6","6","494","1","0.2","2","3","11","4","5","2","1","0","8","0","0","1"
"Alexis Mac Allister","BHA","M","75","FA","WBA Tue 6:30AM","13","13","5%","+0.3%","1","0","12","1","1.0","0","1","1","1","0","0","0","0","0","0","0","0"
"James Tarkowski","BUR","D","76","BigUps","TOT Tue 9:00AM","25.75","12.88","92%","+0.1%","2","2","180","0","0.0","0","0","2","1","2","1","1","0","5","1","0","1"
"Scott Dann","CRY","D","77","W (Tue)","CRY 2<br/>@FUL 1 F","25.75","12.88","12%","+3.3%","2","2","180","0","0.0","0","0","0","0","0","1","0","0","0","0","0","1"
"Harvey Barnes","LEI","M,F","78","BigUps","LEI 1<br/>@ARS 0 F","77","12.83","100%","0%","6","6","524","1","0.2","1","2","15","7","5","8","0","0","5","1","0","2"
"Che Adams","SOU","F","79","W (Wed)","EVE 0<br/>@SOU 2 F","76.5","12.75","68%","+1%","6","6","501","2","0.3","2","4","13","8","5","5","1","0","8","3","0","3"
"Kai Havertz","CHE","M,F","80","MKJ","CHE 0<br/>@MUN 0 F","75.75","12.62","96%","0%","6","6","467","1","0.2","1","2","5","3","8","7","1","0","11","2","0","2"
"Scott McTominay","MUN","M","81","splitt1n","CHE 0<br/>@MUN 0 F","50","12.5","28%","+3.2%","4","3","308","0","0.0","0","0","5","0","8","5","0","0","8","0","0","1"
"Sergio Reguilon","TOT","D","82","splitt1n","@BUR Tue 9:00AM","25","12.5","87%","-0.2%","2","2","180","0","0.0","1","1","2","0","1","1","0","0","1","0","0","0"
"Jacob Murphy","NEW","M","83","W (Wed)","NEW 1<br/>@WOL 1 F","25","12.5","0%","+0.1%","2","1","106","1","0.5","0","1","1","1","2","2","0","0","2","0","0","0"
"Trent Alexander-Arnold","LIV","D","84","BigUps","SHU 1<br/>@LIV 2 F","75","12.5","100%","0%","6","6","539","0","0.0","1","1","10","2","3","0","1","0","6","0","0","1"
"Wilfred Ndidi","LEI","D,M","85","Blkeburn","LEI 1<br/>@ARS 0 F","25","12.5","42%","-0.4%","2","2","180","0","0.0","0","0","0","0","0","2","0","0","0","0","0","1"
"Nelson Semedo","WOL","D,M","86","MKJ","NEW 1<br/>@WOL 1 F","49.75","12.44","84%","0%","4","4","331","0","0.0","0","0","2","1","5","4","0","0","5","0","0","2"
"Wesley Fofana","LEI","D","87","W (Wed)","LEI 1<br/>@ARS 0 F","24.75","12.38","39%","+0.6%","2","2","180","0","0.0","0","0","0","0","1","5","1","0","4","0","0","1"
"Pierre-Emile Hojbjerg","TOT","M","88","WW69","@BUR Tue 9:00AM","61.5","12.3","62%","+0.1%","5","5","450","0","0.0","1","1","2","0","13","5","1","0","16","0","0","0"
"Helder Costa","LEE","M,F","89","STV","LEE 3<br/>@AVL 0 F","73.75","12.29","70%","+0.5%","6","6","490","2","0.3","2","4","8","3","5","7","0","0","5","2","0","2"
"Romain Saiss","WOL","D,M","90","ratzzz","NEW 1<br/>@WOL 1 F","73.75","12.29","99%","+0.2%","6","6","518","1","0.2","0","1","4","2","6","5","0","0","6","0","0","3"
"Ola Aina","FUL","D","91","W (Tue)","CRY 2<br/>@FUL 1 F","36.75","12.25","2%","+0.3%","3","3","270","0","0.0","0","0","0","0","4","6","0","0","4","1","0","0"
"Diogo Jota","LIV","F","92","WW69","SHU 1<br/>@LIV 2 F","48.75","12.19","88%","+3.7%","4","2","195","2","0.5","0","2","9","5","3","3","0","0","3","0","0","0"
"Dani Ceballos","ARS","M","93","BCFC","LEI 1<br/>@ARS 0 F","73","12.17","73%","-0.8%","6","4","393","0","0.0","1","1","1","0","3","7","1","0","6","0","0","0"
"Jordan Henderson","LIV","M","94","STV","SHU 1<br/>@LIV 2 F","48.5","12.12","76%","+1.3%","4","4","291","0","0.0","0","0","5","1","1","1","0","0","1","0","0","0"
"Declan Rice","WHU","M","95","splitt1n","MCI 1<br/>@WHU 1 F","72.5","12.08","83%","0%","6","6","540","0","0.0","0","0","2","0","3","2","0","0","3","0","0","2"
"Thiago Silva","CHE","D","96","248 SC","CHE 0<br/>@MUN 0 F","36","12","83%","-0.2%","3","3","253","0","0.0","0","0","0","0","1","0","0","0","1","0","0","2"
"Dwight McNeil","BUR","M","97","BigUps","TOT Tue 9:00AM","47.75","11.94","92%","0%","4","4","360","0","0.0","1","1","1","0","2","8","1","0","5","0","0","1"
"Yves Bissouma","BHA","M","98","Joe","WBA Tue 6:30AM","47.5","11.88","16%","+0.2%","4","4","359","1","0.3","0","1","11","1","7","6","1","1","16","0","0","1"
"Steven Alzate","BHA","M","99","FA","WBA Tue 6:30AM","47.5","11.88","15%","0%","4","4","341","0","0.0","0","0","3","1","14","2","1","0","17","0","0","1"
"Oliver McBurnie","SHU","F","100","BigUps","SHU 1<br/>@LIV 2 F","71.25","11.88","45%","+0.5%","6","3","342","0","0.0","0","0","9","5","4","7","1","0","7","1","0","0"
"Alexandre Lacazette","ARS","F","101","WW69","LEI 1<br/>@ARS 0 F","58.25","11.65","98%","-0.1%","5","4","349","3","0.6","0","3","8","6","12","10","1","0","15","3","0","1"
"Tomas Soucek","WHU","M","102","splitt1n","MCI 1<br/>@WHU 1 F","69.75","11.62","84%","-0.2%","6","6","540","0","0.0","0","0","15","3","18","8","1","0","21","0","0","2"
"Harry Maguire","MUN","D","103","Blkeburn","CHE 0<br/>@MUN 0 F","58","11.6","90%","+0.1%","5","5","450","1","0.2","0","1","6","2","6","6","1","0","9","0","0","1"
"Aaron Wan-Bissaka","MUN","D","104","splitt1n","CHE 0<br/>@MUN 0 F","46.25","11.56","94%","+0.3%","4","4","360","1","0.3","0","1","2","2","3","3","0","0","3","0","0","1"
"Kyle Walker-Peters","SOU","D","105","ratzzz","EVE 0<br/>@SOU 2 F","69.25","11.54","68%","-0.3%","6","6","540","0","0.0","1","1","3","2","7","8","3","0","16","0","0","3"
"Emil Krafth","NEW","D","106","W (Wed)","NEW 1<br/>@WOL 1 F","22.75","11.38","1%","0%","2","2","180","0","0.0","0","0","0","0","0","1","1","0","3","0","0","0"
"Pablo Fornals","WHU","M","107","MKJ","MCI 1<br/>@WHU 1 F","68","11.33","47%","+0.1%","6","6","502","1","0.2","2","3","9","3","5","7","1","0","8","1","0","2"
"Willian","ARS","F","108","splitt1n","LEI 1<br/>@ARS 0 F","56.5","11.3","98%","-0.2%","5","5","366","0","0.0","2","2","2","1","3","4","0","0","3","1","0","1"
"James Justin","LEI","D,M","109","splitt1n","LEI 1<br/>@ARS 0 F","67.75","11.29","87%","-0.7%","6","6","540","1","0.2","0","1","2","1","4","10","1","0","7","0","0","2"
"Joe Bryan","FUL","D,M","110","MKJ","CRY 2<br/>@FUL 1 F","45","11.25","29%","-2.9%","4","4","337","0","0.0","0","0","3","1","4","5","1","0","7","0","0","0"
"Timothy Fosu-Mensah","MUN","D","111","W (Tue)","CHE 0<br/>@MUN 0 F","11.25","11.25","1%","0%","1","1","81","0","0.0","0","0","1","0","1","0","1","0","4","1","0","0"
"Pierre-Emerick Aubameyang","ARS","F","112","Bantztas","LEI 1<br/>@ARS 0 F","67.25","11.21","100%","0%","6","6","540","1","0.2","1","2","8","6","4","5","1","0","7","5","0","1"
"Ashley Westwood","BUR","M","113","FA","TOT Tue 9:00AM","44.75","11.19","38%","-0.3%","4","4","360","1","0.3","0","1","1","1","5","8","1","0","8","0","0","1"
"Luke Ayling","LEE","D","114","Blkeburn","LEE 3<br/>@AVL 0 F","66.5","11.08","71%","+0.4%","6","6","540","0","0.0","0","0","4","2","3","11","1","0","6","0","0","2"
"Leander Dendoncker","WOL","D,M","115","W (Wed)","NEW 1<br/>@WOL 1 F","55.25","11.05","52%","+1.6%","5","4","372","0","0.0","0","0","2","1","7","1","0","0","7","0","0","3"
"Rodrigo","MCI","M","116","BCFC","MCI 1<br/>@WHU 1 F","55","11","48%","+0.2%","5","5","450","0","0.0","0","0","4","0","7","6","2","0","13","1","0","1"
"Theo Walcott","SOU","M,F","117","BS420FC","EVE 0<br/>@SOU 2 F","21.75","10.88","42%","-3%","2","1","102","0","0.0","1","1","2","0","1","1","0","0","1","0","0","0"
"Oriol Romeu","SOU","M","118","W (Wed)","EVE 0<br/>@SOU 2 F","65.25","10.88","13%","+0.2%","6","6","502","1","0.2","0","1","5","3","10","2","2","0","16","0","0","3"
"Jeffrey Schlupp","CRY","D,M","119","W (Tue)","CRY 2<br/>@FUL 1 F","43.25","10.81","37%","+2.2%","4","4","320","0","0.0","1","1","3","1","4","3","1","0","7","0","0","1"
"Grady Diangana","WBA","M","120","FA","@BHA Tue 6:30AM","54","10.8","58%","-0.3%","5","5","415","1","0.2","0","1","7","3","3","17","0","0","3","1","0","1"
"Matt Targett","AVL","D,M","121","Joe","LEE 3<br/>@AVL 0 F","53.5","10.7","36%","-0.3%","5","5","450","0","0.0","0","0","3","0","3","1","2","0","9","0","0","3"
"Callum Hudson-Odoi","CHE","F","122","W (Tue)","CHE 0<br/>@MUN 0 F","32","10.67","26%","-1.7%","3","1","138","1","0.3","0","1","4","1","2","0","0","0","2","0","0","1"
"Conor Townsend","WBA","D","123","FA","@BHA Tue 6:30AM","32","10.67","2%","0%","3","3","270","0","0.0","0","0","1","1","2","4","0","0","2","0","0","1"
"Chris Basham","SHU","D","124","W (Tue)","SHU 1<br/>@LIV 2 F","64","10.67","53%","-1%","6","6","476","0","0.0","0","0","2","0","9","7","0","0","9","1","0","0"
"Daniel Podence","WOL","M,F","125","ratzzz","NEW 1<br/>@WOL 1 F","53.25","10.65","85%","0%","5","5","370","0","0.0","2","2","7","3","2","5","0","0","2","2","0","3"
"Aleksandar Mitrovic","FUL","F","126","MKJ","CRY 2<br/>@FUL 1 F","63.75","10.62","94%","0%","6","5","477","2","0.3","0","2","26","8","9","8","1","0","12","0","1","0"
"Sander Berge","SHU","M","127","W (Tue)","SHU 1<br/>@LIV 2 F","63.75","10.62","7%","+0.2%","6","5","464","1","0.2","0","1","5","2","6","2","2","0","12","2","1","0"
"Willy Boly","WOL","D","128","Blkeburn","NEW 1<br/>@WOL 1 F","63.25","10.54","98%","+0.1%","6","6","540","0","0.0","0","0","2","0","4","3","0","0","4","0","0","3"
"Ryan Bertrand","SOU","D","129","MKJ","EVE 0<br/>@SOU 2 F","63.25","10.54","48%","-0.8%","6","6","540","0","0.0","0","0","1","1","10","10","1","0","13","0","0","3"
"N'Golo Kante","CHE","M","130","248 SC","CHE 0<br/>@MUN 0 F","63.25","10.54","78%","-0.1%","6","6","533","0","0.0","0","0","1","0","10","2","1","0","13","0","0","2"
"Rodrigo","LEE","M,F","131","splitt1n","LEE 3<br/>@AVL 0 F","62.5","10.42","74%","+0.5%","6","3","320","1","0.2","0","1","13","5","5","4","0","0","5","0","0","1"
"Liam Cooper","LEE","D","132","W (Mon)","LEE 3<br/>@AVL 0 F","31.25","10.42","18%","-0.1%","3","3","270","0","0.0","0","0","1","0","1","6","0","0","1","1","0","1"
"Harrison Reed","FUL","M","133","W (Tue)","CRY 2<br/>@FUL 1 F","31","10.33","2%","-0.1%","3","2","171","0","0.0","1","1","2","1","0","3","0","0","0","0","0","0"
"Ethan Ampadu","SHU","D,M","134","W (Tue)","SHU 1<br/>@LIV 2 F","31","10.33","2%","+0.1%","3","2","239","0","0.0","0","0","2","0","0","1","0","0","0","0","0","0"
"Josh Brownhill","BUR","M","135","FA","TOT Tue 9:00AM","41.25","10.31","8%","-0.1%","4","4","360","0","0.0","0","0","5","0","7","3","0","0","7","0","0","1"
"Michael Keane","EVE","D","136","Bantztas","EVE 0<br/>@SOU 2 F","61.75","10.29","87%","+0.5%","6","6","540","2","0.3","0","2","3","2","2","2","0","0","2","0","0","1"
"Jan Bednarek","SOU","D","137","248 SC","EVE 0<br/>@SOU 2 F","61.5","10.25","26%","0%","6","6","495","0","0.0","0","0","2","1","2","5","0","0","2","0","0","3"
"Enda Stevens","SHU","D,M","138","MKJ","SHU 1<br/>@LIV 2 F","61.25","10.21","64%","-1.6%","6","6","540","0","0.0","0","0","6","2","5","1","1","0","8","1","0","0"
"Kieran Tierney","ARS","D,M","139","WW69","LEI 1<br/>@ARS 0 F","51","10.2","89%","-0.5%","5","5","441","0","0.0","0","0","2","0","2","4","0","0","2","0","0","1"
"Jarrod Bowen","WHU","M","140","Joe","MCI 1<br/>@WHU 1 F","61","10.17","95%","-0.2%","6","6","507","3","0.5","0","3","12","3","1","8","0","0","1","0","0","2"
"Cheikhou Kouyate","CRY","D,M","141","BCFC","CRY 2<br/>@FUL 1 F","60.75","10.12","20%","+0.3%","6","6","540","1","0.2","0","1","3","2","7","3","0","0","7","0","0","1"
"Stuart Armstrong","SOU","M","142","BigUps","EVE 0<br/>@SOU 2 F","40.25","10.06","48%","-0.3%","4","4","334","0","0.0","1","1","7","0","5","2","0","0","5","0","0","3"
"Matt Ritchie","NEW","D,M","143","BCFC","NEW 1<br/>@WOL 1 F","10","10","20%","0%","1","1","69","0","0.0","0","0","1","0","0","1","0","0","0","0","0","0"
"Yerry Mina","EVE","D","144","W (Wed)","EVE 0<br/>@SOU 2 F","60","10","74%","+0.3%","6","6","540","1","0.2","0","1","3","2","6","3","0","0","6","0","0","1"
"Rob Holding","ARS","D","145","W (Wed)","LEI 1<br/>@ARS 0 F","30","10","15%","-1%","3","3","270","0","0.0","0","0","0","0","3","0","0","0","3","0","0","1"
"Dennis Praet","LEI","M","146","W (Wed)","LEI 1<br/>@ARS 0 F","50","10","52%","-0.1%","5","5","355","1","0.2","1","2","5","2","6","2","0","0","6","0","0","2"
"Conor Gallagher","WBA","M","147","FA","@BHA Tue 6:30AM","10","10","5%","+0.1%","1","1","90","0","0.0","0","0","1","0","1","2","0","0","1","0","0","1"
"Mohamed Elneny","ARS","M","148","W (Wed)","LEI 1<br/>@ARS 0 F","29.75","9.92","3%","-0.1%","3","3","270","0","0.0","0","0","1","0","0","2","0","0","0","0","0","1"
"Abdoulaye Doucoure","EVE","M","149","MKJ","EVE 0<br/>@SOU 2 F","58.75","9.79","73%","-0.5%","6","6","471","0","0.0","1","1","3","1","5","3","1","0","8","0","0","1"
"Bernard","EVE","M,F","150","W (Wed)","EVE 0<br/>@SOU 2 F","9.75","9.75","1%","0%","1","0","45","0","0.0","0","0","0","0","2","0","1","0","5","0","0","0"
"Jonjo Shelvey","NEW","M","151","STV","NEW 1<br/>@WOL 1 F","48.75","9.75","64%","-1%","5","5","432","0","0.0","0","0","8","2","6","3","2","0","12","0","0","1"
"Kyle Walker","MCI","D","152","BS420FC","MCI 1<br/>@WHU 1 F","48.75","9.75","91%","+0.7%","5","5","438","0","0.0","0","0","5","2","4","0","0","0","4","1","0","1"
"Manuel Lanzini","WHU","M","153","W (Tue)","MCI 1<br/>@WHU 1 F","9.75","9.75","9%","-0.9%","1","0","13","1","1.0","0","1","1","1","0","3","1","0","3","1","0","0"
"Fabinho","LIV","D,M","154","BCFC","SHU 1<br/>@LIV 2 F","58","9.67","69%","+0.1%","6","5","480","0","0.0","0","0","2","0","3","7","1","0","6","0","0","1"
"George Baldock","SHU","D,M","155","Joe","SHU 1<br/>@LIV 2 F","57.75","9.62","52%","-1.3%","6","6","540","0","0.0","1","1","4","1","11","2","1","0","14","0","0","0"
"Jack Robinson","SHU","D","156","W (Tue)","SHU 1<br/>@LIV 2 F","28.5","9.5","1%","-0.1%","3","2","251","0","0.0","0","0","3","0","4","1","0","0","4","0","0","0"
"Moussa Sissoko","TOT","M","157","FA","@BUR Tue 9:00AM","28.5","9.5","7%","+0.2%","3","2","225","0","0.0","0","0","0","0","4","2","0","0","4","0","0","0"
"Cesar Azpilicueta","CHE","D","158","ratzzz","CHE 0<br/>@MUN 0 F","47.5","9.5","89%","-0.6%","5","3","320","0","0.0","1","1","2","1","8","0","1","0","11","0","0","2"
"Victor Lindelof","MUN","D","159","W (Tue)","CHE 0<br/>@MUN 0 F","37.75","9.44","32%","+0.1%","4","4","360","0","0.0","0","0","1","0","5","1","0","0","5","0","0","1"
"Darnell Furlong","WBA","D","160","FA","@BHA Tue 6:30AM","37.25","9.31","12%","+1.5%","4","4","339","0","0.0","1","1","2","1","4","9","1","0","7","1","0","1"
"Matt Doherty","TOT","D,M","161","BCFC","@BUR Tue 9:00AM","27.25","9.08","92%","-0.4%","3","3","256","0","0.0","0","0","1","1","5","4","1","0","8","0","0","0"
"Robin Koch","LEE","D","162","W (Mon)","LEE 3<br/>@AVL 0 F","54.5","9.08","20%","+0.6%","6","6","540","0","0.0","0","0","4","1","8","3","0","0","8","0","0","2"
"Fikayo Tomori","CHE","D","163","W (Tue)","CHE 0<br/>@MUN 0 F","9","9","2%","0%","1","0","45","0","0.0","0","0","0","0","1","0","0","0","1","0","0","0"
"Ilkay Gundogan","MCI","M","164","W (Tue)","MCI 1<br/>@WHU 1 F","18","9","38%","+9.2%","2","1","115","0","0.0","0","0","2","0","1","1","0","0","1","0","0","0"
"Seamus Coleman","EVE","D","165","W (Wed)","EVE 0<br/>@SOU 2 F","44.75","8.95","58%","-3.4%","5","5","359","0","0.0","1","1","2","2","2","2","0","0","2","0","0","1"
"Bernardo Silva","MCI","M,F","166","BS420FC","MCI 1<br/>@WHU 1 F","26.75","8.92","99%","0%","3","2","183","0","0.0","0","0","2","0","2","3","0","0","2","0","0","1"
"James McArthur","CRY","M","167","Blkeburn","CRY 2<br/>@FUL 1 F","44.5","8.9","26%","-1.7%","5","5","430","0","0.0","0","0","2","0","7","5","2","0","13","0","0","1"
"John Lundstram","SHU","M","168","Bantztas","SHU 1<br/>@LIV 2 F","53","8.83","27%","-0.8%","6","6","500","0","0.0","0","0","6","3","7","4","3","0","16","1","0","0"
"Gabriel Magalhaes","ARS","D","169","WW69","LEI 1<br/>@ARS 0 F","44","8.8","84%","-0.5%","5","5","450","1","0.2","0","1","5","1","4","6","0","0","4","0","0","1"
"Hector Bellerin","ARS","D,M","170","Bantztas","LEI 1<br/>@ARS 0 F","52.5","8.75","83%","+0.4%","6","6","540","0","0.0","2","2","1","1","7","1","3","0","16","0","0","1"
"Kyle Bartley","WBA","D","171","FA","@BHA Tue 6:30AM","35","8.75","4%","-0.2%","4","4","360","1","0.3","0","1","1","1","3","1","0","0","3","0","0","0"
"Jeff Hendrick","NEW","M","172","W (Wed)","NEW 1<br/>@WOL 1 F","51.25","8.54","30%","0%","6","6","522","1","0.2","1","2","6","1","4","7","0","0","4","1","0","1"
"Giovani Lo Celso","TOT","M","173","BigUps","@BUR Tue 9:00AM","17","8.5","67%","+0.1%","2","1","122","0","0.0","0","0","5","3","4","4","1","0","7","0","0","0"
"Nampalys Mendy","LEI","M","174","W (Wed)","LEI 1<br/>@ARS 0 F","50","8.33","10%","-0.2%","6","6","527","0","0.0","1","1","1","0","8","11","2","0","14","0","0","2"
"Christian Pulisic","CHE","M,F","175","STV","CHE 0<br/>@MUN 0 F","25","8.33","100%","0%","3","2","175","0","0.0","0","0","5","1","1","0","0","0","1","0","0","1"
"Ivan Cavaleiro","FUL","M,F","176","W (Tue)","CRY 2<br/>@FUL 1 F","41.5","8.3","14%","-1.9%","5","5","427","0","0.0","0","0","4","0","6","8","1","0","9","0","0","0"
"Paul Pogba","MUN","M","177","248 SC","CHE 0<br/>@MUN 0 F","41.25","8.25","98%","-0.5%","5","3","275","0","0.0","0","0","4","2","12","7","0","0","12","0","0","0"
"Georginio Wijnaldum","LIV","M","178","Bantztas","SHU 1<br/>@LIV 2 F","49.25","8.21","50%","+1.4%","6","5","451","0","0.0","0","0","9","3","2","4","0","0","2","0","0","1"
"Ruben Dias","MCI","D","179","W (Tue)","MCI 1<br/>@WHU 1 F","24.5","8.17","71%","+0.2%","3","3","270","0","0.0","0","0","1","0","2","4","1","0","5","0","0","1"
"Caglar Soyuncu","LEI","D","180","WW69","LEI 1<br/>@ARS 0 F","32.5","8.12","57%","-2.5%","4","4","360","0","0.0","0","0","2","0","4","1","1","0","7","0","0","1"
"Charlie Taylor","BUR","D","181","FA","TOT Tue 9:00AM","32.5","8.12","24%","-1.2%","4","4","360","0","0.0","0","0","1","1","1","6","1","0","4","0","0","1"
"Luke Shaw","MUN","D","182","W (Tue)","CHE 0<br/>@MUN 0 F","40.5","8.1","35%","+0.3%","5","5","450","0","0.0","0","0","1","1","7","7","2","0","13","0","0","1"
"Miguel Almiron","NEW","M,F","183","BCFC","NEW 1<br/>@WOL 1 F","39.75","7.95","48%","-0.8%","5","2","219","0","0.0","1","1","3","0","3","4","1","0","6","0","0","0"
"Chris Wood","BUR","F","184","MKJ","TOT Tue 9:00AM","31.75","7.94","74%","-0.8%","4","4","360","1","0.3","0","1","9","4","7","1","0","0","7","3","0","1"
"Ashley Barnes","BUR","F","185","FA","TOT Tue 9:00AM","15.75","7.88","14%","-0.2%","2","2","155","0","0.0","0","0","4","3","6","8","1","0","9","1","0","1"
"Angelo Ogbonna","WHU","D","186","W (Tue)","MCI 1<br/>@WHU 1 F","47","7.83","8%","-0.2%","6","6","540","0","0.0","0","0","3","1","6","1","1","0","9","1","0","2"
"Joel Veltman","BHA","D","187","FA","WBA Tue 6:30AM","7.75","7.75","1%","0%","1","0","45","0","0.0","0","0","0","0","0","2","0","0","0","0","0","0"
"Ben Davies","TOT","D","188","FA","@BUR Tue 9:00AM","31","7.75","24%","-0.2%","4","3","287","0","0.0","0","0","1","0","7","4","0","0","7","0","0","0"
"Andy Carroll","NEW","F","189","W (Wed)","NEW 1<br/>@WOL 1 F","31","7.75","5%","-0.2%","4","2","148","0","0.0","0","0","5","0","5","3","0","0","5","1","0","1"
"Eric Garcia","MCI","D","190","W (Tue)","MCI 1<br/>@WHU 1 F","15.25","7.62","8%","+6.3%","2","2","180","0","0.0","0","0","1","0","1","1","0","0","1","0","0","0"
"Adama Traore","WOL","M,F","191","BCFC","NEW 1<br/>@WOL 1 F","45.75","7.62","97%","-0.1%","6","3","297","0","0.0","0","0","3","0","3","7","0","0","3","0","0","1"
"Tammy Abraham","CHE","F","192","Blkeburn","CHE 0<br/>@MUN 0 F","38","7.6","75%","-3.2%","5","2","211","1","0.2","0","1","8","3","4","4","0","0","4","0","0","1"
"Ezgjan Alioski","LEE","M","193","W (Mon)","LEE 3<br/>@AVL 0 F","30.25","7.56","3%","+0.2%","4","2","156","0","0.0","0","0","4","2","2","4","0","0","2","0","0","1"
"Christian Fuchs","LEI","D","194","W (Wed)","LEI 1<br/>@ARS 0 F","15","7.5","0%","0%","2","1","100","0","0.0","0","0","0","0","1","0","1","0","4","0","0","1"
"Ben Osborn","SHU","M","195","W (Tue)","SHU 1<br/>@LIV 2 F","29.5","7.38","1%","+0.2%","4","3","270","0","0.0","0","0","2","1","3","2","0","0","3","0","0","0"
"Erik Pieters","BUR","D,M","196","FA","TOT Tue 9:00AM","14.75","7.38","2%","0%","2","1","140","0","0.0","0","0","1","1","5","3","0","0","5","0","0","1"
"Oliver Norwood","SHU","M","197","W (Tue)","SHU 1<br/>@LIV 2 F","22","7.33","22%","-0.7%","3","2","192","0","0.0","0","0","0","0","1","0","0","0","1","0","0","0"
"Moussa Djenepo","SOU","M","198","W (Wed)","EVE 0<br/>@SOU 2 F","29.25","7.31","10%","-0.7%","4","3","235","1","0.3","0","1","4","1","8","5","1","0","11","0","0","1"
"Allan","EVE","M","199","W (Wed)","EVE 0<br/>@SOU 2 F","36.5","7.3","49%","-0.7%","5","5","450","0","0.0","0","0","2","1","10","6","1","0","13","0","0","1"
"Douglas Luiz","AVL","M","200","W (Mon)","LEE 3<br/>@AVL 0 F","36.5","7.3","5%","+0.2%","5","5","437","0","0.0","0","0","4","2","8","7","2","0","14","0","0","3"
"Ruben Neves","WOL","M","201","MKJ","NEW 1<br/>@WOL 1 F","43.75","7.29","50%","-0.4%","6","4","375","0","0.0","0","0","11","1","4","3","1","0","7","0","0","1"
"Tyrick Mitchell","CRY","D","202","W (Tue)","CRY 2<br/>@FUL 1 F","43.75","7.29","14%","+0.8%","6","6","540","0","0.0","0","0","1","1","6","3","1","0","9","0","0","1"
"Joel Ward","CRY","D","203","W (Tue)","CRY 2<br/>@FUL 1 F","36","7.2","8%","-0.4%","5","5","450","0","0.0","0","0","0","0","8","2","2","0","14","0","0","1"
"Callum Robinson","WBA","F","204","FA","@BHA Tue 6:30AM","36","7.2","21%","-0.1%","5","4","293","2","0.4","0","2","4","3","3","0","0","0","3","3","0","0"
"Jamaal Lascelles","NEW","D","205","W (Wed)","NEW 1<br/>@WOL 1 F","36","7.2","7%","-0.1%","5","5","448","0","0.0","0","0","1","0","5","1","1","0","8","0","0","1"
"Isaac Hayden","NEW","M","206","W (Wed)","NEW 1<br/>@WOL 1 F","35.75","7.15","2%","-0.1%","5","5","409","0","0.0","0","0","2","1","11","7","2","0","17","0","0","1"
"Nathan Redmond","SOU","M,F","207","W (Wed)","EVE 0<br/>@SOU 2 F","28.5","7.12","60%","-0.9%","4","3","292","0","0.0","0","0","6","1","6","5","0","0","6","0","0","1"
"Jairo Riedewald","CRY","D,M","208","W (Tue)","CRY 2<br/>@FUL 1 F","28.5","7.12","1%","+0.2%","4","2","195","1","0.3","0","1","1","1","1","1","0","0","1","0","0","0"
"James McCarthy","CRY","M","209","W (Tue)","CRY 2<br/>@FUL 1 F","28.25","7.06","1%","0%","4","4","319","0","0.0","0","0","1","0","4","2","1","0","7","0","0","1"
"Ben White","BHA","D","210","FA","WBA Tue 6:30AM","35.25","7.05","25%","+1%","5","5","439","0","0.0","0","0","1","0","3","1","1","0","6","0","0","1"
"Eric Dier","TOT","D,M","211","Bantztas","@BUR Tue 9:00AM","28","7","27%","-0.3%","4","4","360","0","0.0","0","0","1","0","2","1","0","0","2","0","0","0"
"Toby Alderweireld","TOT","D","212","FA","@BUR Tue 9:00AM","14","7","35%","+0.2%","2","2","180","0","0.0","0","0","0","0","2","0","0","0","2","0","0","0"
"Federico Fernandez","NEW","D","213","W (Wed)","NEW 1<br/>@WOL 1 F","42","7","11%","-0.4%","6","6","540","0","0.0","0","0","0","0","4","5","0","0","4","0","0","1"
"Joseph Gomez","LIV","D","214","Bantztas","SHU 1<br/>@LIV 2 F","34.75","6.95","79%","+1.9%","5","4","410","0","0.0","0","0","0","0","3","5","0","0","3","0","0","0"
"Michy Batshuayi","CRY","F","215","W (Tue)","CRY 2<br/>@FUL 1 F","27.75","6.94","31%","+3.2%","4","2","197","0","0.0","1","1","4","2","3","3","0","0","3","2","0","0"
"John Fleck","SHU","M","216","W (Tue)","SHU 1<br/>@LIV 2 F","20.75","6.92","26%","-0.7%","3","2","180","0","0.0","0","0","1","0","2","0","0","0","2","0","0","0"
"Tanguy Ndombele","TOT","M","217","FA","@BUR Tue 9:00AM","34.25","6.85","36%","-0.3%","5","3","214","1","0.2","0","1","3","1","2","4","1","0","5","0","0","0"
"Conor Coady","WOL","D","218","STV","NEW 1<br/>@WOL 1 F","41","6.83","49%","+1.3%","6","6","540","0","0.0","0","0","0","0","5","1","1","0","8","0","0","3"
"Kevin Long","BUR","D","219","FA","TOT Tue 9:00AM","27","6.75","1%","0%","4","4","360","0","0.0","0","0","1","0","3","0","0","0","3","0","0","1"
"Dale Stephens","BUR","M","220","FA","TOT Tue 9:00AM","13.25","6.62","1%","+0.1%","2","2","158","0","0.0","0","0","3","0","2","1","0","0","2","0","0","0"
"Adam Webster","BHA","D","221","FA","WBA Tue 6:30AM","33","6.6","14%","-0.1%","5","5","450","0","0.0","0","0","4","1","2","5","0","0","2","0","0","1"
"Nemanja Matic","MUN","M","222","W (Tue)","CHE 0<br/>@MUN 0 F","19.75","6.58","4%","-0.8%","3","2","136","0","0.0","0","0","1","1","3","1","1","0","6","0","0","0"
"Ayoze Perez","LEI","M,F","223","248 SC","LEI 1<br/>@ARS 0 F","26.25","6.56","49%","-0.4%","4","4","283","0","0.0","0","0","5","1","4","1","1","0","7","1","0","1"
"Cengiz Under","LEI","M","224","BigUps","LEI 1<br/>@ARS 0 F","13","6.5","29%","-0.9%","2","0","50","0","0.0","1","1","0","0","0","1","0","0","0","1","0","0"
"Ruben Loftus-Cheek","FUL","M,F","225","ratzzz","CRY 2<br/>@FUL 1 F","19.5","6.5","48%","+0.6%","3","3","215","0","0.0","0","0","2","1","1","4","0","0","1","0","0","0"
"Nathan Ake","MCI","D","226","248 SC","MCI 1<br/>@WHU 1 F","26","6.5","72%","-3%","4","3","289","1","0.3","0","1","1","1","1","1","2","0","7","0","0","1"
"Virgil van Dijk","LIV","D","227","STV","SHU 1<br/>@LIV 2 F","31.75","6.35","60%","-3.1%","5","5","371","1","0.2","0","1","4","2","4","2","1","0","7","1","0","1"
"Fernandinho","MCI","D,M","228","Bantztas","MCI 1<br/>@WHU 1 F","25","6.25","24%","-0.9%","4","2","155","0","0.0","0","0","4","1","2","2","0","0","2","0","0","0"
"Daniel James","MUN","M","229","W (Tue)","CHE 0<br/>@MUN 0 F","18.5","6.17","11%","+2.7%","3","3","179","0","0.0","0","0","6","1","1","1","1","0","4","1","0","0"
"Phil Bardsley","BUR","D","230","FA","TOT Tue 9:00AM","18.5","6.17","2%","0%","3","3","270","0","0.0","0","0","3","0","8","4","2","0","14","0","0","0"
"Fred","MUN","M","231","splitt1n","CHE 0<br/>@MUN 0 F","24.5","6.12","5%","+1.7%","4","2","229","0","0.0","0","0","4","0","4","4","1","0","7","0","0","1"
"Aaron Connolly","BHA","F","232","FA","WBA Tue 6:30AM","30.5","6.1","12%","+0.7%","5","3","287","1","0.2","1","2","6","2","2","7","0","0","2","5","0","1"
"Lucas Moura","TOT","F","233","STV","@BUR Tue 9:00AM","30","6","76%","-0.3%","5","3","285","1","0.2","0","1","5","3","9","8","0","0","9","1","0","0"
"Mason Greenwood","MUN","M,F","234","MKJ","CHE 0<br/>@MUN 0 F","24","6","92%","-0.6%","4","2","202","0","0.0","0","0","7","1","1","3","0","0","1","0","0","0"
"James Maddison","LEI","M","235","BS420FC","LEI 1<br/>@ARS 0 F","29.5","5.9","99%","0%","5","1","171","1","0.2","0","1","6","1","3","7","1","0","6","0","0","1"
"Naby Keita","LIV","M","236","W (Tue)","SHU 1<br/>@LIV 2 F","23.5","5.88","43%","-1.6%","4","4","247","0","0.0","0","0","5","0","4","0","0","0","4","0","0","1"
"Adam Lallana","BHA","M","237","248 SC","WBA Tue 6:30AM","29.25","5.85","34%","-0.7%","5","3","233","0","0.0","0","0","1","0","5","4","0","0","5","1","0","0"
"Andre Gomes","EVE","M","238","W (Wed)","EVE 0<br/>@SOU 2 F","23.25","5.81","7%","-0.2%","4","4","306","0","0.0","0","0","1","0","9","3","1","0","12","1","0","1"
"Gylfi Sigurdsson","EVE","M","239","248 SC","EVE 0<br/>@SOU 2 F","34.75","5.79","59%","+0.9%","6","2","227","0","0.0","1","1","2","0","3","3","0","0","3","0","0","0"
"Joao Moutinho","WOL","M","240","Blkeburn","NEW 1<br/>@WOL 1 F","34.5","5.75","80%","-1%","6","4","345","0","0.0","0","0","2","0","5","4","1","0","8","0","0","2"
"Jack O'Connell","SHU","D","241","W (Tue)","SHU 1<br/>@LIV 2 F","11.5","5.75","22%","-0.1%","2","2","180","0","0.0","0","0","0","0","0","0","0","0","0","1","0","0"
"Granit Xhaka","ARS","M","242","WW69","LEI 1<br/>@ARS 0 F","34","5.67","12%","-0.4%","6","5","410","0","0.0","0","0","5","0","6","10","1","0","9","1","0","1"
"David McGoldrick","SHU","F","243","W (Tue)","SHU 1<br/>@LIV 2 F","34","5.67","5%","-0.3%","6","4","292","1","0.2","0","1","7","1","7","6","0","0","7","1","0","0"
"Jamie Shackleton","LEE","M","244","W (Mon)","LEE 3<br/>@AVL 0 F","11.25","5.62","0%","0%","2","0","78","0","0.0","0","0","0","0","1","1","0","0","1","0","0","1"
"Dara O'Shea","WBA","D","245","FA","@BHA Tue 6:30AM","22.5","5.62","2%","0%","4","4","360","0","0.0","0","0","1","0","3","6","0","0","3","0","0","0"
"Jordan Ayew","CRY","M,F","246","W (Tue)","CRY 2<br/>@FUL 1 F","22.5","5.62","49%","-0.8%","4","4","343","0","0.0","0","0","4","3","6","8","0","0","6","2","0","1"
"Ferran Torres","MCI","F","247","W (Tue)","MCI 1<br/>@WHU 1 F","16.75","5.58","60%","-2.6%","3","1","99","0","0.0","1","1","3","1","2","1","0","0","2","0","0","0"
"Jonny Evans","LEI","D","248","STV","LEI 1<br/>@ARS 0 F","22.25","5.56","52%","-0.4%","4","4","350","0","0.0","0","0","0","0","5","4","3","0","14","0","0","1"
"David Luiz","ARS","D","249","W (Wed)","LEI 1<br/>@ARS 0 F","27.25","5.45","20%","-0.1%","5","4","320","0","0.0","0","0","2","0","3","4","0","0","3","1","0","0"
"Eberechi Eze","CRY","M","250","W (Tue)","CRY 2<br/>@FUL 1 F","27.25","5.45","52%","-4.2%","5","2","203","0","0.0","0","0","5","1","3","10","0","0","3","0","0","0"
"Davinson Sanchez","TOT","D","251","FA","@BUR Tue 9:00AM","21.75","5.44","16%","+0.1%","4","4","360","0","0.0","0","0","3","0","6","0","0","0","6","0","0","0"
"Marcos Alonso","CHE","D","252","W (Tue)","CHE 0<br/>@MUN 0 F","16.25","5.42","34%","-1.4%","3","3","225","0","0.0","0","0","2","0","2","2","1","0","5","0","0","0"
"Pascal Struijk","LEE","D","253","W (Mon)","LEE 3<br/>@AVL 0 F","16.25","5.42","3%","-0.5%","3","3","186","0","0.0","0","0","0","0","1","0","1","0","4","0","0","0"
"Filip Krovinovic","WBA","M","254","FA","@BHA Tue 6:30AM","10.75","5.38","2%","-0.2%","2","1","105","0","0.0","0","0","1","0","2","2","0","0","2","0","0","1"
"Javier Manquillo","NEW","D,M","255","W (Wed)","NEW 1<br/>@WOL 1 F","21.5","5.38","4%","0%","4","3","305","0","0.0","0","0","1","0","2","2","1","0","5","0","0","1"
"Ben Godfrey","EVE","D,M","256","W (Wed)","EVE 0<br/>@SOU 2 F","10.75","5.38","13%","+1.2%","2","1","149","0","0.0","0","0","0","0","1","1","0","0","1","0","0","0"
"Erik Lamela","TOT","M","257","FA","@BUR Tue 9:00AM","16","5.33","5%","-0.1%","3","1","85","0","0.0","0","0","5","2","4","1","1","0","7","0","0","0"
"Sergio Aguero","MCI","F","258","WW69","MCI 1<br/>@WHU 1 F","10.25","5.12","100%","-0.1%","2","2","110","0","0.0","0","0","1","0","0","2","0","0","0","0","0","1"
"Alireza Jahanbakhsh","BHA","F","259","FA","WBA Tue 6:30AM","15.25","5.08","1%","0%","3","0","27","0","0.0","1","1","2","0","0","0","1","0","3","0","0","0"
"Kelechi Iheanacho","LEI","F","260","W (Wed)","LEI 1<br/>@ARS 0 F","15.25","5.08","12%","+0.2%","3","1","102","0","0.0","0","0","2","1","5","2","0","0","5","2","0","0"
"Joelinton","NEW","M,F","261","W (Wed)","NEW 1<br/>@WOL 1 F","30.5","5.08","14%","-0.1%","6","3","297","0","0.0","0","0","2","1","2","4","2","0","8","2","0","0"
"Karlan Grant","WBA","F","262","FA","@BHA Tue 6:30AM","5","5","8%","-0.4%","1","1","73","0","0.0","0","0","1","0","0","0","0","0","0","1","0","1"
"Gary Cahill","CRY","D","263","W (Tue)","CRY 2<br/>@FUL 1 F","5","5","3%","-0.3%","1","1","90","0","0.0","0","0","0","0","0","1","0","0","0","0","0","0"
"Keinan Davis","AVL","F","264","W (Mon)","LEE 3<br/>@AVL 0 F","5","5","0%","0%","1","0","28","0","0.0","0","0","0","0","0","0","0","0","0","0","0","0"
"Jake Livermore","WBA","M","265","FA","@BHA Tue 6:30AM","24.75","4.95","1%","0%","5","5","450","0","0.0","0","0","2","0","12","1","2","0","18","0","0","1"
"Luka Milivojevic","CRY","M","266","Blkeburn","CRY 2<br/>@FUL 1 F","24.75","4.95","25%","+3.9%","5","1","138","0","0.0","0","0","1","0","3","4","0","0","3","0","0","0"
"Dan Burn","BHA","D","267","FA","WBA Tue 6:30AM","9.75","4.88","18%","+0.2%","2","1","114","0","0.0","0","0","1","0","1","0","0","0","1","0","0","0"
"Johann Gudmundsson","BUR","M","268","FA","TOT Tue 9:00AM","9.75","4.88","20%","-0.2%","2","1","91","0","0.0","0","0","1","1","0","0","0","0","0","0","0","1"
"Romaine Sawyers","WBA","M","269","FA","@BHA Tue 6:30AM","24","4.8","1%","0%","5","4","308","0","0.0","0","0","2","0","2","2","0","0","2","0","0","0"
"Tim Ream","FUL","D","270","W (Tue)","CRY 2<br/>@FUL 1 F","23.5","4.7","1%","0%","5","5","450","0","0.0","0","0","0","0","2","0","0","0","2","0","0","0"
"Mario Lemina","FUL","M","271","W (Tue)","CRY 2<br/>@FUL 1 F","14","4.67","1%","+0.5%","3","1","108","0","0.0","0","0","1","0","4","2","0","0","4","0","0","0"
"Fabian Delph","EVE","M","272","W (Wed)","EVE 0<br/>@SOU 2 F","9.25","4.62","1%","0%","2","0","64","0","0.0","0","0","0","0","0","2","0","0","0","0","0","0"
"Issa Diop","WHU","D","273","W (Tue)","MCI 1<br/>@WHU 1 F","9.25","4.62","2%","-0.2%","2","2","180","0","0.0","0","0","0","0","0","0","0","0","0","0","0","0"
"Jamal Lewis","NEW","D","274","W (Wed)","NEW 1<br/>@WOL 1 F","27.75","4.62","12%","-0.2%","6","5","470","0","0.0","0","0","0","0","5","7","3","0","14","1","0","1"
"Donny van de Beek","MUN","M","275","Bantztas","CHE 0<br/>@MUN 0 F","18.25","4.56","84%","-2.5%","4","0","61","1","0.3","0","1","1","1","1","0","0","0","1","0","0","0"
"Aymeric Laporte","MCI","D","276","W (Tue)","MCI 1<br/>@WHU 1 F","4.5","4.5","85%","-1.4%","1","1","90","0","0.0","0","0","1","0","0","2","0","0","0","0","0","0"
"Alex Iwobi","EVE","M,F","277","W (Wed)","EVE 0<br/>@SOU 2 F","22.5","4.5","15%","+2.7%","5","1","145","0","0.0","1","1","1","0","3","2","0","0","3","0","0","0"
"Denis Odoi","FUL","D","278","W (Tue)","CRY 2<br/>@FUL 1 F","13.5","4.5","1%","0%","3","3","270","0","0.0","0","0","2","1","7","4","1","0","10","1","0","0"
"Sam Field","WBA","M","279","FA","@BHA Tue 6:30AM","12.75","4.25","0%","0%","3","0","61","0","0.0","0","0","0","0","2","1","0","0","2","0","0","0"
"Daniel Amartey","LEI","D","280","W (Wed)","LEI 1<br/>@ARS 0 F","8.5","4.25","1%","0%","2","2","145","0","0.0","0","0","0","0","1","0","1","0","4","0","0","0"
"Billy Sharp","SHU","F","281","W (Tue)","SHU 1<br/>@LIV 2 F","17","4.25","1%","0%","4","1","129","1","0.3","0","1","3","2","1","4","0","0","1","5","1","0"
"Ainsley Maitland-Niles","ARS","D,M","282","Bantztas","LEI 1<br/>@ARS 0 F","12.5","4.17","12%","0%","3","2","183","0","0.0","0","0","1","0","2","0","0","0","2","1","0","1"
"Harry Winks","TOT","M","283","FA","@BUR Tue 9:00AM","16.5","4.12","3%","-0.1%","4","3","257","0","0.0","0","0","0","0","2","4","1","0","5","0","0","0"
"Sebastien Haller","WHU","F","284","W (Tue)","MCI 1<br/>@WHU 1 F","20.25","4.05","35%","-0.7%","5","0","50","1","0.2","0","1","3","2","4","0","0","0","4","1","0","0"
"Steven Bergwijn","TOT","M,F","285","FA","@BUR Tue 9:00AM","16","4","38%","-1.1%","4","1","153","0","0.0","0","0","2","1","2","3","0","0","2","0","0","0"
"Jack Stephens","SOU","D","286","W (Wed)","EVE 0<br/>@SOU 2 F","8","4","1%","+0.1%","2","2","180","0","0.0","0","0","1","1","2","2","1","0","5","0","0","0"
"Josh Onomah","FUL","M","287","W (Tue)","CRY 2<br/>@FUL 1 F","7.75","3.88","1%","+0.1%","2","2","133","0","0.0","0","0","0","0","3","0","0","0","3","0","0","0"
"Tosin Adarabioyo","FUL","D","288","W (Tue)","CRY 2<br/>@FUL 1 F","7.75","3.88","1%","0%","2","2","180","0","0.0","0","0","2","0","1","1","0","0","1","0","0","0"
"Dele Alli","TOT","M,F","289","FA","@BUR Tue 9:00AM","7.75","3.88","59%","-1.2%","2","1","66","0","0.0","0","0","2","1","0","2","0","0","0","0","0","0"
"Ki-Jana Hoever","WOL","D","290","W (Wed)","NEW 1<br/>@WOL 1 F","7.75","3.88","1%","0%","2","0","29","0","0.0","0","0","0","0","0","1","0","0","0","0","0","0"
"Bobby De Cordova-Reid","FUL","F","291","W (Tue)","CRY 2<br/>@FUL 1 F","19.25","3.85","1%","-0.1%","5","2","223","1","0.2","0","1","3","1","4","1","1","0","7","0","0","0"
"Islam Slimani","LEI","F","292","W (Wed)","LEI 1<br/>@ARS 0 F","3.75","3.75","0%","0%","1","0","19","0","0.0","0","0","1","0","0","0","0","0","0","0","0","0"
"Curtis Jones","LIV","M","293","W (Tue)","SHU 1<br/>@LIV 2 F","7.5","3.75","2%","-0.1%","2","0","53","0","0.0","0","0","0","0","1","1","0","0","1","0","0","0"
"John Egan","SHU","D","294","W (Tue)","SHU 1<br/>@LIV 2 F","18.75","3.75","34%","-0.9%","5","5","372","0","0.0","0","0","2","0","6","1","1","1","15","0","0","0"
"Thomas Partey","ARS","M","295","ratzzz","LEI 1<br/>@ARS 0 F","7.5","3.75","78%","-0.4%","2","1","97","0","0.0","0","0","0","0","2","0","1","0","5","0","0","0"
"Sead Kolasinac","ARS","D","296","W (Wed)","LEI 1<br/>@ARS 0 F","3.75","3.75","1%","0%","1","1","90","0","0.0","0","0","0","0","1","1","0","0","1","0","0","0"
"Lewis Dunk","BHA","D","297","248 SC","WBA Tue 6:30AM","18.75","3.75","36%","-1.3%","5","5","449","0","0.0","0","0","4","0","7","9","1","1","16","0","0","1"
"Nicolas Pepe","ARS","F","298","Bantztas","LEI 1<br/>@ARS 0 F","22.25","3.71","83%","-0.1%","6","1","203","1","0.2","0","1","5","2","1","1","0","0","1","0","0","0"
"Pablo Hernandez","LEE","M","299","W (Mon)","LEE 3<br/>@AVL 0 F","11","3.67","39%","-0.5%","3","1","88","0","0.0","0","0","4","0","0","1","0","0","0","0","0","0"
"Tom Davies","EVE","M","300","W (Wed)","EVE 0<br/>@SOU 2 F","10.75","3.58","1%","0%","3","1","92","0","0.0","0","0","0","0","0","0","0","0","0","0","0","0"
"Pascal Gross","BHA","M,F","301","FA","WBA Tue 6:30AM","14.25","3.56","10%","-0.1%","4","0","43","0","0.0","0","0","1","0","0","0","0","0","0","0","0","0"
"Ryan Fraser","NEW","M,F","302","STV","NEW 1<br/>@WOL 1 F","14","3.5","31%","-0.5%","4","1","169","0","0.0","0","0","1","0","0","3","0","0","0","0","0","0"
"Gareth Bale","TOT","M,F","303","WW69","@BUR Tue 9:00AM","3.5","3.5","90%","0%","1","0","18","0","0.0","0","0","2","1","0","0","0","0","0","0","0","0"
"Tyler Roberts","LEE","M,F","304","W (Mon)","LEE 3<br/>@AVL 0 F","13.75","3.44","1%","+0.1%","4","2","174","0","0.0","0","0","1","1","3","5","0","0","3","1","0","0"
"Ian Poveda-Ocampo","LEE","F","305","W (Mon)","LEE 3<br/>@AVL 0 F","10","3.33","1%","-0.1%","3","0","88","0","0.0","0","0","3","1","2","3","0","0","2","0","0","0"
"Andreas Christensen","CHE","D","306","W (Tue)","CHE 0<br/>@MUN 0 F","13","3.25","4%","-1.1%","4","4","315","0","0.0","0","0","1","0","2","0","1","1","11","0","0","0"
"James Milner","LIV","M","307","W (Tue)","SHU 1<br/>@LIV 2 F","13","3.25","2%","-0.1%","4","0","66","0","0.0","0","0","0","0","2","2","0","0","2","0","0","0"
"Matej Vydra","BUR","F","308","FA","TOT Tue 9:00AM","9.75","3.25","0%","0%","3","1","122","0","0.0","0","0","4","0","0","1","0","0","0","2","0","0"
"Nathaniel Clyne","CRY","D","309","W (Tue)","CRY 2<br/>@FUL 1 F","3.25","3.25","4%","+3.3%","1","1","72","0","0.0","0","0","0","0","0","0","0","0","0","0","0","0"
"Robbie Brady","BUR","M","310","FA","TOT Tue 9:00AM","6.25","3.12","0%","0%","2","1","61","0","0.0","0","0","1","1","3","2","0","0","3","0","0","0"
"Eddie Nketiah","ARS","F","311","W (Wed)","LEI 1<br/>@ARS 0 F","18.75","3.12","14%","-0.4%","6","1","106","1","0.2","0","1","2","2","2","0","0","0","2","0","0","0"
"Mateo Kovacic","CHE","M","312","W (Tue)","CHE 0<br/>@MUN 0 F","9.25","3.08","26%","-0.8%","3","2","131","0","0.0","0","0","1","0","3","4","0","0","3","0","0","0"
"Marcal","WOL","D","313","W (Wed)","NEW 1<br/>@WOL 1 F","12.25","3.06","25%","-0.2%","4","2","121","0","0.0","0","0","1","0","4","1","1","0","7","0","0","1"
"Mamadou Sakho","CRY","D","314","W (Tue)","CRY 2<br/>@FUL 1 F","12","3","1%","-0.1%","4","3","275","0","0.0","0","0","1","0","2","1","0","0","2","0","0","0"
"Ahmed El Mohamady","AVL","D","315","W (Mon)","LEE 3<br/>@AVL 0 F","3","3","0%","0%","1","0","10","0","0.0","0","0","0","0","0","0","0","0","0","0","0","0"
"Vitinha","WOL","M","316","W (Wed)","NEW 1<br/>@WOL 1 F","6","3","0%","0%","2","0","21","0","0.0","0","0","0","0","1","0","0","0","1","0","0","0"
"Hal Robson-Kanu","WBA","F","317","FA","@BHA Tue 6:30AM","9","3","1%","+0.1%","3","0","84","0","0.0","0","0","3","1","2","3","0","0","2","0","0","0"
"Jay Rodriguez","BUR","F","318","FA","TOT Tue 9:00AM","5.75","2.88","15%","-0.3%","2","1","83","0","0.0","0","0","2","0","2","1","1","0","5","1","0","0"
"Anthony Martial","MUN","F","319","splitt1n","CHE 0<br/>@MUN 0 F","8.5","2.83","98%","-0.1%","3","3","207","0","0.0","0","0","2","0","1","2","0","1","7","1","0","0"
"Shkodran Mustafi","ARS","D","320","W (Wed)","LEI 1<br/>@ARS 0 F","2.75","2.75","2%","+0.1%","1","0","41","0","0.0","0","0","0","0","1","0","0","0","1","0","0","0"
"Rekeem Harper","WBA","M","321","FA","@BHA Tue 6:30AM","2.75","2.75","0%","0%","1","0","21","0","0.0","0","0","0","0","1","0","0","0","1","0","0","0"
"Anthony Gordon","EVE","M,F","322","W (Wed)","EVE 0<br/>@SOU 2 F","2.75","2.75","1%","-0.1%","1","0","32","0","0.0","0","0","0","0","0","2","0","0","0","0","0","0"
"Oliver Burke","SHU","M,F","323","W (Tue)","SHU 1<br/>@LIV 2 F","10.5","2.62","1%","-0.1%","4","3","256","0","0.0","0","0","4","0","6","2","0","0","6","0","0","0"
"William Smallbone","SOU","M","324","W (Wed)","EVE 0<br/>@SOU 2 F","5","2.5","1%","0%","2","1","112","0","0.0","0","0","0","0","2","1","0","0","2","0","0","0"
"Benjamin Mendy","MCI","D","325","BCFC","MCI 1<br/>@WHU 1 F","7.5","2.5","46%","-2.3%","3","3","251","0","0.0","0","0","1","0","6","0","2","0","12","0","0","0"
"Fabian Schar","NEW","D","326","W (Wed)","NEW 1<br/>@WOL 1 F","7.25","2.42","1%","0%","3","2","186","0","0.0","0","0","1","0","3","0","0","0","3","0","0","0"
"Rhian Brewster","SHU","F","327","W (Tue)","SHU 1<br/>@LIV 2 F","4.5","2.25","44%","+0.1%","2","1","80","0","0.0","0","0","0","0","1","0","0","0","1","0","0","0"
"Neeskens Kebano","FUL","M","328","W (Tue)","CRY 2<br/>@FUL 1 F","8.5","2.12","2%","0%","4","1","116","0","0.0","0","0","6","0","3","1","0","0","3","1","0","0"
"Ben Johnson","WHU","D","329","W (Tue)","MCI 1<br/>@WHU 1 F","2","2","0%","0%","1","0","41","0","0.0","0","0","0","0","0","0","0","0","0","0","0","0"
"Hakim Ziyech","CHE","M","330","ratzzz","CHE 0<br/>@MUN 0 F","3.75","1.88","99%","-0.1%","2","0","27","0","0.0","0","0","0","0","0","1","0","0","0","0","0","0"
"John Stones","MCI","D","331","W (Tue)","MCI 1<br/>@WHU 1 F","1.75","1.75","2%","-0.1%","1","1","90","0","0.0","0","0","0","0","0","0","0","0","0","0","0","0"
"Bertrand Traore","AVL","M,F","332","W (Mon)","LEE 3<br/>@AVL 0 F","7","1.75","20%","-0.5%","4","0","42","0","0.0","0","0","2","1","1","0","0","0","1","0","0","0"
"Mark Noble","WHU","M","333","W (Tue)","MCI 1<br/>@WHU 1 F","5.25","1.75","6%","0%","3","1","71","0","0.0","0","0","0","0","2","1","0","0","2","0","0","0"
"Takumi Minamino","LIV","F","334","W (Tue)","SHU 1<br/>@LIV 2 F","6.75","1.69","7%","-0.1%","4","0","57","0","0.0","0","0","1","0","0","1","0","0","0","1","0","0"
"Aboubakar Kamara","FUL","F","335","W (Tue)","CRY 2<br/>@FUL 1 F","8","1.6","1%","0%","5","2","217","0","0.0","0","0","3","1","6","3","1","1","15","0","0","0"
"Andriy Yarmolenko","WHU","M,F","336","W (Tue)","MCI 1<br/>@WHU 1 F","6.25","1.56","4%","0%","4","0","81","0","0.0","0","0","4","1","3","1","1","0","6","1","0","0"
"Patrick van Aanholt","CRY","D","337","W (Tue)","CRY 2<br/>@FUL 1 F","1.5","1.5","45%","-3.2%","1","0","18","0","0.0","0","0","1","1","0","0","0","0","0","1","0","0"
"Joel Matip","LIV","D","338","Blkeburn","SHU 1<br/>@LIV 2 F","3","1.5","40%","-6.1%","2","1","91","0","0.0","0","0","1","1","1","1","0","0","1","0","0","0"
"Fabio Silva","WOL","F","339","W (Wed)","NEW 1<br/>@WOL 1 F","3","1.5","7%","-0.2%","2","0","40","0","0.0","0","0","2","0","0","1","0","0","0","0","0","0"
"Hamza Choudhury","LEI","M","340","W (Wed)","LEI 1<br/>@ARS 0 F","3","1.5","1%","0%","2","0","13","0","0.0","0","0","0","0","0","0","0","0","0","0","0","0"
"Marc Albrighton","LEI","M","341","W (Wed)","LEI 1<br/>@ARS 0 F","4","1.33","1%","0%","3","0","35","0","0.0","0","0","0","0","0","0","0","0","0","0","0","0"
"Nathan Tella","SOU","M,F","342","W (Wed)","EVE 0<br/>@SOU 2 F","4","1.33","0%","0%","3","0","48","0","0.0","0","0","1","0","1","4","0","0","1","0","0","0"
"Ibrahima Diallo","SOU","M","343","W (Wed)","EVE 0<br/>@SOU 2 F","2.5","1.25","1%","0%","2","0","7","0","0.0","0","0","0","0","0","0","0","0","0","0","0","0"
"Kyle Edwards","WBA","M,F","344","FA","@BHA Tue 6:30AM","3.75","1.25","0%","0%","3","1","86","0","0.0","0","0","2","1","1","1","0","0","1","0","0","0"
"Edinson Cavani","MUN","F","345","248 SC","CHE 0<br/>@MUN 0 F","1","1","82%","-0.4%","1","0","32","0","0.0","0","0","2","0","0","0","0","0","0","0","0","0"
"Jacob Ramsey","AVL","M","346","W (Mon)","LEE 3<br/>@AVL 0 F","1","1","0%","0%","1","0","14","0","0.0","0","0","0","0","0","2","0","0","0","0","0","0"
"Sean Longstaff","NEW","M","347","W (Wed)","NEW 1<br/>@WOL 1 F","2.75","0.92","1%","0%","3","0","14","0","0.0","0","0","1","0","1","0","0","0","1","0","0","0"
"Michael Hector","FUL","D","348","W (Tue)","CRY 2<br/>@FUL 1 F","2.5","0.83","1%","0%","3","3","238","0","0.0","0","0","1","0","3","3","1","0","6","0","0","0"
"Oleksandr Zinchenko","MCI","D","349","W (Tue)","MCI 1<br/>@WHU 1 F","0.75","0.75","7%","-0.9%","1","0","12","0","0.0","0","0","0","0","0","0","0","0","0","0","0","0"
"Christian Benteke","CRY","F","350","W (Tue)","CRY 2<br/>@FUL 1 F","1.5","0.75","12%","-0.1%","2","0","10","0","0.0","0","0","0","0","1","0","0","0","1","0","0","0"
"Olivier Giroud","CHE","F","351","W (Tue)","CHE 0<br/>@MUN 0 F","0.75","0.75","14%","-0.2%","1","0","17","0","0.0","0","0","0","0","0","1","0","0","0","0","0","0"
"Shane Long","SOU","F","352","W (Wed)","EVE 0<br/>@SOU 2 F","2.5","0.62","2%","0%","4","0","25","0","0.0","0","0","1","0","2","1","0","0","2","0","0","0"
"Maxime Le Marchand","FUL","D","353","W (Tue)","CRY 2<br/>@FUL 1 F","1.25","0.62","0%","0%","2","1","122","0","0.0","0","0","1","0","3","1","2","0","9","0","0","0"
"Semi Ajayi","WBA","D","354","FA","@BHA Tue 6:30AM","2","0.5","4%","+0.1%","4","4","360","0","0.0","0","0","0","0","2","1","1","0","5","0","0","0"
"Raphinha","LEE","F","355","MKJ","LEE 3<br/>@AVL 0 F","1","0.5","36%","-0.5%","2","0","15","0","0.0","0","0","1","0","0","1","0","0","0","0","0","0"
"Liam Delap","MCI","F","356","W (Tue)","MCI 1<br/>@WHU 1 F","0.25","0.25","1%","0%","1","0","39","0","0.0","0","0","1","0","1","0","0","0","1","0","0","0"
"Max Lowe","SHU","D","357","W (Tue)","SHU 1<br/>@LIV 2 F","0.25","0.25","1%","0%","1","1","19","0","0.0","0","0","0","0","0","0","0","0","0","0","0","0"
"Robert Snodgrass","WHU","M","358","W (Tue)","MCI 1<br/>@WHU 1 F","0.25","0.25","4%","0%","1","0","1","0","0.0","0","0","0","0","0","1","0","0","0","0","0","0"
"Marvelous Nakamba","AVL","M","359","W (Mon)","LEE 3<br/>@AVL 0 F","0.25","0.12","1%","0%","2","0","13","0","0.0","0","0","1","1","1","0","1","0","4","0","0","0"
"Phil Jagielka","SHU","D","360","W (Tue)","SHU 1<br/>@LIV 2 F","0","0","0%","0%","0","0","0","0","0","0","0","0","0","0","0","0","0","0","0","0","0"
"Adam Forshaw","LEE","M","361","W (Mon)","LEE 3<br/>@AVL 0 F","0","0","0%","0%","0","0","0","0","0","0","0","0","0","0","0","0","0","0","0","0","0"
"Davy Propper","BHA","M","362","FA","WBA Tue 6:30AM","0","0","2%","0%","0","0","0","0","0","0","0","0","0","0","0","0","0","0","0","0","0"
"Dwight Gayle","NEW","F","363","W (Wed)","NEW 1<br/>@WOL 1 F","0","0","1%","+0.1%","0","0","0","0","0","0","0","0","0","0","0","0","0","0","0","0","0"
"Yannick Bolasie","EVE","F","364","W (Wed)","EVE 0<br/>@SOU 2 F","0","0","0%","+0.1%","0","0","0","0","0","0","0","0","0","0","0","0","0","0","0","0","0"
"Terence Kongolo","FUL","D","365","W (Tue)","CRY 2<br/>@FUL 1 F","0","0","0%","0%","0","0","0","0","0","0","0","0","0","0","0","0","0","0","0","0","0"
"Jack Rodwell","SHU","M","366","W (Tue)","SHU 1<br/>@LIV 2 F","0","0","0%","0%","0","0","0","0","0","0","0","0","0","0","0","0","0","0","0","0","0"
"Anwar El Ghazi","AVL","M,F","367","W (Mon)","LEE 3<br/>@AVL 0 F","0","0","4%","0%","0","0","0","0","0","0","0","0","0","0","0","0","0","0","0","0","0"
"William Saliba","ARS","D","368","W (Wed)","LEI 1<br/>@ARS 0 F","0","0","17%","-0.2%","0","0","0","0","0","0","0","0","0","0","0","0","0","0","0","0","0"
"Adrian Bernabe","MCI","M","369","W (Tue)","MCI 1<br/>@WHU 1 F","0","0","0%","0%","0","0","0","0","0","0","0","0","0","0","0","0","0","0","0","0","0"
"Jack Clarke","TOT","F","370","FA","@BUR Tue 9:00AM","0","0","0%","0%","0","0","0","0","0","0","0","0","0","0","0","0","0","0","0","0","0"
"Elliot Anderson","NEW","M","371","W (Wed)","NEW 1<br/>@WOL 1 F","0","0","0%","0%","0","0","0","0","0","0","0","0","0","0","0","0","0","0","0","0","0"
"Andi Zeqiri","BHA","F","372","FA","WBA Tue 6:30AM","0","0","0%","0%","0","0","0","0","0","0","0","0","0","0","0","0","0","0","0","0","0"
"Neil Taylor","AVL","D","373","W (Mon)","LEE 3<br/>@AVL 0 F","0","0","0%","0%","0","0","0","0","0","0","0","0","0","0","0","0","0","0","0","0","0"
"Nathaniel Phillips","LIV","D","374","W (Tue)","SHU 1<br/>@LIV 2 F","0","0","0%","0%","0","0","0","0","0","0","0","0","0","0","0","0","0","0","0","0","0"
"Cedric Soares","ARS","D,M","375","W (Wed)","LEI 1<br/>@ARS 0 F","0","0","2%","0%","0","0","0","0","0","0","0","0","0","0","0","0","0","0","0","0","0"
"Fabio Carvalho","FUL","M","376","W (Tue)","CRY 2<br/>@FUL 1 F","0","0","0%","+0.1%","0","0","0","0","0","0","0","0","0","0","0","0","0","0","0","0","0"
"Ciaran Clark","NEW","D","377","W (Wed)","NEW 1<br/>@WOL 1 F","0","0","1%","0%","0","0","0","0","0","0","0","0","0","0","0","0","0","0","0","0","0"
"Jean Michael Seri","FUL","M","378","W (Tue)","CRY 2<br/>@FUL 1 F","0","0","0%","0%","0","0","0","0","0","0","0","0","0","0","0","0","0","0","0","0","0"
"Oskar Buur","WOL","D","379","W (Wed)","NEW 1<br/>@WOL 1 F","0","0","0%","0%","1","0","22","0","0.0","0","0","0","0","0","0","0","0","0","0","0","0"
"Kortney Hause","AVL","D","380","W (Mon)","LEE 3<br/>@AVL 0 F","0","0","1%","+0.1%","0","0","0","0","0","0","0","0","0","0","0","0","0","0","0","0","0"
"Emmanuel Longelo","WHU","F","381","W (Tue)","MCI 1<br/>@WHU 1 F","0","0","0%","0%","0","0","0","0","0","0","0","0","0","0","0","0","0","0","0","0","0"
"Daniel N'Lundulu","SOU","F","382","W (Wed)","EVE 0<br/>@SOU 2 F","0","0","-","-","1","0","1","0","0.0","0","0","0","0","0","0","0","0","0","0","0","0"
"Jake Vokins","SOU","D","383","W (Wed)","EVE 0<br/>@SOU 2 F","0","0","0%","0%","0","0","0","0","0","0","0","0","0","0","0","0","0","0","0","0","0"
"Felix Nmecha","MCI","M","384","W (Tue)","MCI 1<br/>@WHU 1 F","0","0","0%","0%","0","0","0","0","0","0","0","0","0","0","0","0","0","0","0","0","0"
"Cenk Tosun","EVE","F","385","W (Wed)","EVE 0<br/>@SOU 2 F","0","0","1%","0%","0","0","0","0","0","0","0","0","0","0","0","0","0","0","0","0","0"
"Danny Welbeck","BHA","F","386","FA","WBA Tue 6:30AM","0","0","4%","-0.2%","0","0","0","0","0","0","0","0","0","0","0","0","0","0","0","0","0"
"Jesse Lingard","MUN","M","387","W (Tue)","CHE 0<br/>@MUN 0 F","0","0","1%","+0.1%","0","0","0","0","0","0","0","0","0","0","0","0","0","0","0","0","0"
"Lys Mousset","SHU","F","388","W (Tue)","SHU 1<br/>@LIV 2 F","0","0","2%","0%","0","0","0","0","0","0","0","0","0","0","0","0","0","0","0","0","0"
"Phil Jones","MUN","D","389","W (Tue)","CHE 0<br/>@MUN 0 F","0","0","0%","0%","0","0","0","0","0","0","0","0","0","0","0","0","0","0","0","0","0"
"Frederic Guilbert","AVL","D,M","390","W (Mon)","LEE 3<br/>@AVL 0 F","0","0","2%","0%","0","0","0","0","0","0","0","0","0","0","0","0","0","0","0","0","0"
"Bernardo","BHA","D","391","FA","WBA Tue 6:30AM","0","0","0%","0%","0","0","0","0","0","0","0","0","0","0","0","0","0","0","0","0","0"
"Sepp van den Berg","LIV","D","392","W (Tue)","SHU 1<br/>@LIV 2 F","0","0","0%","-0.1%","0","0","0","0","0","0","0","0","0","0","0","0","0","0","0","0","0"
"Rhys Williams","LIV","D","393","W (Tue)","SHU 1<br/>@LIV 2 F","0","0","0%","0%","0","0","0","0","0","0","0","0","0","0","0","0","0","0","0","0","0"
"Diego Llorente","LEE","D","394","W (Mon)","LEE 3<br/>@AVL 0 F","0","0","3%","0%","0","0","0","0","0","0","0","0","0","0","0","0","0","0","0","0","0"
"Demarai Gray","LEI","M","395","W (Wed)","LEI 1<br/>@ARS 0 F","0","0","1%","0%","0","0","0","0","0","0","0","0","0","0","0","0","0","0","0","0","0"
"Conor Coventry","WHU","M","396","W (Tue)","MCI 1<br/>@WHU 1 F","0","0","0%","+0.1%","0","0","0","0","0","0","0","0","0","0","0","0","0","0","0","0","0"
"Alex Oxlade-Chamberlain","LIV","M,F","397","W (Tue)","SHU 1<br/>@LIV 2 F","0","0","11%","-0.2%","0","0","0","0","0","0","0","0","0","0","0","0","0","0","0","0","0"
"Jonjoe Kenny","EVE","D","398","W (Wed)","EVE 0<br/>@SOU 2 F","0","0","1%","-0.4%","0","0","0","0","0","0","0","0","0","0","0","0","0","0","0","0","0"
"Jake Cain","LIV","M","399","W (Mon)","SHU 1<br/>@LIV 2 F","0","0","0%","0%","0","0","0","0","0","0","0","0","0","0","0","0","0","0","0","0","0"
"Zak Brunt","SHU","M","400","W (Tue)","SHU 1<br/>@LIV 2 F","0","0","0%","0%","0","0","0","0","0","0","0","0","0","0","0","0","0","0","0","0","0"
"Joe Rodon","TOT","D","401","FA","@BUR Tue 9:00AM","0","0","2%","+0.1%","0","0","0","0","0","0","0","0","0","0","0","0","0","0","0","0","0"
"Cedric Kipre","WBA","D","402","FA","@BHA Tue 6:30AM","0","0","0%","0%","0","0","0","0","0","0","0","0","0","0","0","0","0","0","0","0","0"
"Konstantinos Tsimikas","LIV","D","403","W (Tue)","SHU 1<br/>@LIV 2 F","0","0","1%","0%","0","0","0","0","0","0","0","0","0","0","0","0","0","0","0","0","0"
"Emile Smith Rowe","ARS","M","404","W (Wed)","LEI 1<br/>@ARS 0 F","0","0","1%","0%","0","0","0","0","0","0","0","0","0","0","0","0","0","0","0","0","0"
"Paul Dummett","NEW","D","405","W (Wed)","NEW 1<br/>@WOL 1 F","0","0","0%","0%","0","0","0","0","0","0","0","0","0","0","0","0","0","0","0","0","0"
"Henri Saivet","NEW","M","406","W (Wed)","NEW 1<br/>@WOL 1 F","0","0","0%","0%","0","0","0","0","0","0","0","0","0","0","0","0","0","0","0","0","0"
"Josh Benson","BUR","M","407","FA","TOT Tue 9:00AM","0","0","0%","0%","0","0","0","0","0","0","0","0","0","0","0","0","0","0","0","0","0"
"Jonny","WOL","D,M","408","W (Wed)","NEW 1<br/>@WOL 1 F","0","0","22%","-0.1%","0","0","0","0","0","0","0","0","0","0","0","0","0","0","0","0","0"
"Henri Lansbury","AVL","M","409","W (Mon)","LEE 3<br/>@AVL 0 F","0","0","0%","0%","0","0","0","0","0","0","0","0","0","0","0","0","0","0","0","0","0"
"Joachim Andersen","FUL","D","410","W (Tue)","CRY 2<br/>@FUL 1 F","0","0","1%","-0.1%","0","0","0","0","0","0","0","0","0","0","0","0","0","0","0","0","0"
"Beni Baningime","EVE","M","411","W (Wed)","EVE 0<br/>@SOU 2 F","0","0","0%","0%","0","0","0","0","0","0","0","0","0","0","0","0","0","0","0","0","0"
"Alex Telles","MUN","D","412","BS420FC","CHE 0<br/>@MUN 0 F","0","0","80%","-1%","0","0","0","0","0","0","0","0","0","0","0","0","0","0","0","0","0"
"Rayan Ait-Nouri","WOL","D","413","W (Wed)","NEW 1<br/>@WOL 1 F","0","0","3%","-0.1%","0","0","0","0","0","0","0","0","0","0","0","0","0","0","0","0","0"
"DeAndre Yedlin","NEW","D","414","W (Wed)","NEW 1<br/>@WOL 1 F","0","0","1%","0%","0","0","0","0","0","0","0","0","0","0","0","0","0","0","0","0","0"
"Connor Wickham","CRY","F","415","W (Tue)","CRY 2<br/>@FUL 1 F","0","0","0%","0%","0","0","0","0","0","0","0","0","0","0","0","0","0","0","0","0","0"
"Wesley","AVL","F","416","W (Mon)","LEE 3<br/>@AVL 0 F","0","0","3%","0%","0","0","0","0","0","0","0","0","0","0","0","0","0","0","0","0","0"
"Craig Dawson","WHU","D","417","W (Tue)","MCI 1<br/>@WHU 1 F","0","0","0%","-0.1%","0","0","0","0","0","0","0","0","0","0","0","0","0","0","0","0","0"
"Reiss Nelson","ARS","M,F","418","W (Wed)","LEI 1<br/>@ARS 0 F","0","0","1%","0%","0","0","0","0","0","0","0","0","0","0","0","0","0","0","0","0","0"
"Joseph Willock","ARS","M","419","W (Wed)","LEI 1<br/>@ARS 0 F","0","0","1%","0%","0","0","0","0","0","0","0","0","0","0","0","0","0","0","0","0","0"
"Max Sanders","BHA","M","420","FA","WBA Tue 6:30AM","0","0","0%","0%","0","0","0","0","0","0","0","0","0","0","0","0","0","0","0","0","0"
"Carlos Vinicius","TOT","F","421","FA","@BUR Tue 9:00AM","0","0","17%","-0.1%","0","0","0","0","0","0","0","0","0","0","0","0","0","0","0","0","0"
"Peter Gwargis","BHA","M","422","FA","WBA Tue 6:30AM","0","0","0%","0%","0","0","0","0","0","0","0","0","0","0","0","0","0","0","0","0","0"
"Romaric Yapi","BHA","D","423","FA","WBA Tue 6:30AM","0","0","0%","0%","0","0","0","0","0","0","0","0","0","0","0","0","0","0","0","0","0"
"Teddy Jenks","BHA","M","424","FA","WBA Tue 6:30AM","0","0","0%","0%","0","0","0","0","0","0","0","0","0","0","0","0","0","0","0","0","0"
"Christian Atsu","NEW","M","425","W (Wed)","NEW 1<br/>@WOL 1 F","0","0","0%","0%","0","0","0","0","0","0","0","0","0","0","0","0","0","0","0","0","0"
"Pablo Mari","ARS","D","426","W (Wed)","LEI 1<br/>@ARS 0 F","0","0","1%","0%","0","0","0","0","0","0","0","0","0","0","0","0","0","0","0","0","0"
"Facundo Pellistri","MUN","M","427","W (Tue)","CHE 0<br/>@MUN 0 F","0","0","2%","0%","0","0","0","0","0","0","0","0","0","0","0","0","0","0","0","0","0"
"Neco Williams","LIV","D","428","W (Tue)","SHU 1<br/>@LIV 2 F","0","0","1%","0%","0","0","0","0","0","0","0","0","0","0","0","0","0","0","0","0","0"
"Brandon Williams","MUN","D,M","429","W (Tue)","CHE 0<br/>@MUN 0 F","0","0","7%","0%","0","0","0","0","0","0","0","0","0","0","0","0","0","0","0","0","0"
"Meritan Shabani","WOL","M","430","W (Wed)","NEW 1<br/>@WOL 1 F","0","0","0%","0%","0","0","0","0","0","0","0","0","0","0","0","0","0","0","0","0","0"
"Emerson","CHE","D","431","W (Tue)","CHE 0<br/>@MUN 0 F","0","0","0%","0%","0","0","0","0","0","0","0","0","0","0","0","0","0","0","0","0","0"
"Leonardo Campana","WOL","F","432","W (Wed)","NEW 1<br/>@WOL 1 F","0","0","0%","0%","0","0","0","0","0","0","0","0","0","0","0","0","0","0","0","0","0"
"Tyrese Francois","FUL","M","433","W (Tue)","CRY 2<br/>@FUL 1 F","0","0","0%","0%","0","0","0","0","0","0","0","0","0","0","0","0","0","0","0","0","0"
"James Tomkins","CRY","D","434","W (Tue)","CRY 2<br/>@FUL 1 F","0","0","1%","0%","0","0","0","0","0","0","0","0","0","0","0","0","0","0","0","0","0"
"Lee Peltier","WBA","D","435","FA","@BHA Tue 6:30AM","0","0","0%","0%","0","0","0","0","0","0","0","0","0","0","0","0","0","0","0","0","0"
"Jose Izquierdo","BHA","F","436","FA","WBA Tue 6:30AM","0","0","0%","0%","0","0","0","0","0","0","0","0","0","0","0","0","0","0","0","0","0"
"Goncalo Cardoso","WHU","D","437","W (Tue)","MCI 1<br/>@WHU 1 F","0","0","0%","0%","0","0","0","0","0","0","0","0","0","0","0","0","0","0","0","0","0"
"Anthony Driscoll-Glennon","BUR","D","438","FA","TOT Tue 9:00AM","0","0","0%","0%","0","0","0","0","0","0","0","0","0","0","0","0","0","0","0","0","0"
"Ricardo Pereira","LEI","D","439","ratzzz","LEI 1<br/>@ARS 0 F","0","0","87%","-0.3%","0","0","0","0","0","0","0","0","0","0","0","0","0","0","0","0","0"
"Cole Palmer","MCI","M","440","W (Tue)","MCI 1<br/>@WHU 1 F","0","0","0%","0%","0","0","0","0","0","0","0","0","0","0","0","0","0","0","0","0","0"
"Bjorn Engels","AVL","D","441","W (Mon)","LEE 3<br/>@AVL 0 F","0","0","1%","0%","0","0","0","0","0","0","0","0","0","0","0","0","0","0","0","0","0"
"Stefan Johansen","FUL","M","442","W (Tue)","CRY 2<br/>@FUL 1 F","0","0","0%","0%","0","0","0","0","0","0","0","0","0","0","0","0","0","0","0","0","0"
"Kevin McDonald","FUL","M","443","W (Tue)","CRY 2<br/>@FUL 1 F","0","0","0%","0%","0","0","0","0","0","0","0","0","0","0","0","0","0","0","0","0","0"
"Florin Andone","BHA","F","444","FA","WBA Tue 6:30AM","0","0","1%","0%","0","0","0","0","0","0","0","0","0","0","0","0","0","0","0","0","0"
"Gabriel Martinelli","ARS","M","445","WW69","LEI 1<br/>@ARS 0 F","0","0","8%","+0.1%","0","0","0","0","0","0","0","0","0","0","0","0","0","0","0","0","0"
"Jayden Bogle","SHU","D","446","W (Tue)","SHU 1<br/>@LIV 2 F","0","0","0%","0%","0","0","0","0","0","0","0","0","0","0","0","0","0","0","0","0","0"
"Oliver Casey","LEE","D","447","W (Mon)","LEE 3<br/>@AVL 0 F","0","0","0%","0%","0","0","0","0","0","0","0","0","0","0","0","0","0","0","0","0","0"
"Jean-Philippe Gbamin","EVE","M","448","W (Wed)","EVE 0<br/>@SOU 2 F","0","0","1%","0%","0","0","0","0","0","0","0","0","0","0","0","0","0","0","0","0","0"
"Mesut Ozil","ARS","M","449","W (Wed)","LEI 1<br/>@ARS 0 F","0","0","4%","0%","0","0","0","0","0","0","0","0","0","0","0","0","0","0","0","0","0"
"Muhamed Besic","EVE","M","450","W (Wed)","EVE 0<br/>@SOU 2 F","0","0","0%","0%","0","0","0","0","0","0","0","0","0","0","0","0","0","0","0","0","0"
"Mohammed Salisu","SOU","D","451","W (Wed)","EVE 0<br/>@SOU 2 F","0","0","2%","0%","0","0","0","0","0","0","0","0","0","0","0","0","0","0","0","0","0"
"Said Benrahma","WHU","F","452","Joe","MCI 1<br/>@WHU 1 F","0","0","56%","-0.5%","0","0","0","0","0","0","0","0","0","0","0","0","0","0","0","0","0"
"Xherdan Shaqiri","LIV","M,F","453","W (Tue)","SHU 1<br/>@LIV 2 F","0","0","1%","0%","0","0","0","0","0","0","0","0","0","0","0","0","0","0","0","0","0"
"Jarrad Branthwaite","EVE","D","454","W (Wed)","EVE 0<br/>@SOU 2 F","0","0","0%","0%","0","0","0","0","0","0","0","0","0","0","0","0","0","0","0","0","0"
"Luke Thomas","LEI","D","455","W (Wed)","LEI 1<br/>@ARS 0 F","0","0","13%","-0.1%","0","0","0","0","0","0","0","0","0","0","0","0","0","0","0","0","0"
"Nya Kirby","CRY","M","456","W (Tue)","CRY 2<br/>@FUL 1 F","0","0","0%","0%","0","0","0","0","0","0","0","0","0","0","0","0","0","0","0","0","0"
"Billy Gilmour","CHE","M","457","W (Tue)","CHE 0<br/>@MUN 0 F","0","0","2%","0%","0","0","0","0","0","0","0","0","0","0","0","0","0","0","0","0","0"
"Jayson Molumby","BHA","M","458","FA","WBA Tue 6:30AM","0","0","0%","0%","0","0","0","0","0","0","0","0","0","0","0","0","0","0","0","0","0"
"Axel Tuanzebe","MUN","D","459","W (Tue)","CHE 0<br/>@MUN 0 F","0","0","8%","-1.2%","0","0","0","0","0","0","0","0","0","0","0","0","0","0","0","0","0"
"Bobby Thomas","BUR","D","460","FA","TOT Tue 9:00AM","0","0","0%","0%","0","0","0","0","0","0","0","0","0","0","0","0","0","0","0","0","0"
"Japhet Tanganga","TOT","D","461","FA","@BUR Tue 9:00AM","0","0","2%","0%","0","0","0","0","0","0","0","0","0","0","0","0","0","0","0","0","0"
"Ben Mee","BUR","D","462","FA","TOT Tue 9:00AM","0","0","38%","-0.7%","0","0","0","0","0","0","0","0","0","0","0","0","0","0","0","0","0"
"Kamil Grosicki","WBA","M","463","FA","@BHA Tue 6:30AM","0","0","1%","0%","0","0","0","0","0","0","0","0","0","0","0","0","0","0","0","0","0"
"Nathan Ferguson","CRY","D","464","W (Tue)","CRY 2<br/>@FUL 1 F","0","0","1%","0%","0","0","0","0","0","0","0","0","0","0","0","0","0","0","0","0","0"
"Dennis Cirkin","TOT","D","465","FA","@BUR Tue 9:00AM","0","0","0%","0%","0","0","0","0","0","0","0","0","0","0","0","0","0","0","0","0","0"
"Gedson Fernandes","TOT","M","466","FA","@BUR Tue 9:00AM","0","0","1%","0%","0","0","0","0","0","0","0","0","0","0","0","0","0","0","0","0","0"
"Niels Nkounkou","EVE","D","467","W (Wed)","EVE 0<br/>@SOU 2 F","0","0","0%","0%","0","0","0","0","0","0","0","0","0","0","0","0","0","0","0","0","0"
"Mace Goodridge","BUR","M","468","FA","TOT Tue 9:00AM","0","0","0%","0%","0","0","0","0","0","0","0","0","0","0","0","0","0","0","0","0","0"
"Kean Bryan","SHU","D","469","W (Tue)","SHU 1<br/>@LIV 2 F","0","0","0%","0%","0","0","0","0","0","0","0","0","0","0","0","0","0","0","0","0","0"
"Mason Holgate","EVE","D","470","W (Wed)","EVE 0<br/>@SOU 2 F","0","0","3%","0%","0","0","0","0","0","0","0","0","0","0","0","0","0","0","0","0","0"
"Sam Woods","CRY","D","471","W (Tue)","CRY 2<br/>@FUL 1 F","0","0","0%","0%","0","0","0","0","0","0","0","0","0","0","0","0","0","0","0","0","0"
"Charlie Austin","WBA","F","472","FA","@BHA Tue 6:30AM","0","0","7%","0%","0","0","0","0","0","0","0","0","0","0","0","0","0","0","0","0","0"
"Charlie Cresswell","LEE","D","473","W (Mon)","LEE 3<br/>@AVL 0 F","0","0","0%","0%","0","0","0","0","0","0","0","0","0","0","0","0","0","0","0","0","0"
"Harrison Ashby","WHU","D","474","W (Tue)","MCI 1<br/>@WHU 1 F","0","0","0%","0%","0","0","0","0","0","0","0","0","0","0","0","0","0","0","0","0","0"
"Ajibola Alese","WHU","D","475","W (Tue)","MCI 1<br/>@WHU 1 F","0","0","0%","0%","0","0","0","0","0","0","0","0","0","0","0","0","0","0","0","0","0"
"Brandon Pierrick","CRY","F","476","W (Tue)","CRY 2<br/>@FUL 1 F","0","0","0%","0%","0","0","0","0","0","0","0","0","0","0","0","0","0","0","0","0","0"
"Jack Cork","BUR","M","477","FA","TOT Tue 9:00AM","0","0","1%","+0.1%","0","0","0","0","0","0","0","0","0","0","0","0","0","0","0","0","0"
"Wes Morgan","LEI","D","478","W (Wed)","LEI 1<br/>@ARS 0 F","0","0","0%","0%","1","0","1","0","0.0","0","0","0","0","0","0","0","0","0","0","0","0"
"Marcos Rojo","MUN","D","479","W (Tue)","CHE 0<br/>@MUN 0 F","0","0","0%","0%","0","0","0","0","0","0","0","0","0","0","0","0","0","0","0","0","0"
"Martin Kelly","CRY","D","480","W (Tue)","CRY 2<br/>@FUL 1 F","0","0","0%","0%","0","0","0","0","0","0","0","0","0","0","0","0","0","0","0","0","0"
"Lars Dendoncker","BHA","M","481","FA","WBA Tue 6:30AM","0","0","0%","0%","0","0","0","0","0","0","0","0","0","0","0","0","0","0","0","0","0"
"Owen Otasowie","WOL","M","482","W (Wed)","NEW 1<br/>@WOL 1 F","0","0","0%","+0.1%","0","0","0","0","0","0","0","0","0","0","0","0","0","0","0","0","0"
"Teden Mengi","MUN","D","483","W (Tue)","CHE 0<br/>@MUN 0 F","0","0","0%","0%","0","0","0","0","0","0","0","0","0","0","0","0","0","0","0","0","0"
"Taylor Harwood-Bellis","MCI","D","484","W (Tue)","MCI 1<br/>@WHU 1 F","0","0","0%","0%","0","0","0","0","0","0","0","0","0","0","0","0","0","0","0","0","0"
"Tommy Doyle","MCI","M","485","W (Tue)","MCI 1<br/>@WHU 1 F","0","0","0%","0%","0","0","0","0","0","0","0","0","0","0","0","0","0","0","0","0","0"
"Divock Origi","LIV","F","486","W (Tue)","SHU 1<br/>@LIV 2 F","0","0","3%","+0.1%","0","0","0","0","0","0","0","0","0","0","0","0","0","0","0","0","0"
"Sokratis","ARS","D","487","W (Wed)","LEI 1<br/>@ARS 0 F","0","0","1%","0%","0","0","0","0","0","0","0","0","0","0","0","0","0","0","0","0","0"
"Calum Chambers","ARS","D","488","W (Wed)","LEI 1<br/>@ARS 0 F","0","0","1%","0%","0","0","0","0","0","0","0","0","0","0","0","0","0","0","0","0","0"
"Antonio Rudiger","CHE","D","489","W (Tue)","CHE 0<br/>@MUN 0 F","0","0","12%","-0.1%","0","0","0","0","0","0","0","0","0","0","0","0","0","0","0","0","0"
"Matthew Lowton","BUR","D","490","FA","TOT Tue 9:00AM","0","0","1%","+0.1%","0","0","0","0","0","0","0","0","0","0","0","0","0","0","0","0","0"
"Yan Valery","SOU","D,M","491","W (Wed)","EVE 0<br/>@SOU 2 F","0","0","0%","0%","0","0","0","0","0","0","0","0","0","0","0","0","0","0","0","0","0"
"Max Meyer","CRY","M","492","W (Tue)","CRY 2<br/>@FUL 1 F","0","0","0%","0%","0","0","0","0","0","0","0","0","0","0","0","0","0","0","0","0","0"
"Matthew Longstaff","NEW","M","493","W (Wed)","NEW 1<br/>@WOL 1 F","0","0","1%","0%","0","0","0","0","0","0","0","0","0","0","0","0","0","0","0","0","0"
"Harvey White","TOT","M","494","FA","@BUR Tue 9:00AM","0","0","1%","+0.1%","0","0","0","0","0","0","0","0","0","0","0","0","0","0","0","0","0"
"Leif Davis","LEE","D","495","W (Mon)","LEE 3<br/>@AVL 0 F","-0.25","-0.25","0%","0%","1","0","13","0","0.0","0","0","0","0","1","0","0","0","1","0","0","0"
"Matt Phillips","WBA","M","496","FA","@BHA Tue 6:30AM","-1","-0.33","2%","0%","3","0","37","0","0.0","0","0","1","0","3","0","1","0","6","0","0","0"
"Michael Obafemi","SOU","F","497","W (Wed)","EVE 0<br/>@SOU 2 F","-1","-1","1%","0%","1","0","13","0","0.0","0","0","0","0","0","1","0","0","0","0","0","0"
"Odion Ighalo","MUN","F","498","W (Tue)","CHE 0<br/>@MUN 0 F","-1","-1","1%","-0.1%","1","0","9","0","0.0","0","0","0","0","0","0","0","0","0","0","0","0"
"Eric Bailly","MUN","D","499","W (Tue)","CHE 0<br/>@MUN 0 F","-3","-1.5","1%","-0.2%","2","1","97","0","0.0","0","0","0","0","2","0","1","0","5","0","0","0"
"Kieran Gibbs","WBA","D","500","FA","@BHA Tue 6:30AM","-3","-1.5","1%","0%","2","2","135","0","0.0","0","0","0","0","2","1","0","1","8","0","0","0"