"Player","Team","Position","Rk","Status","Opponent","FPts","FP/G","% Owned","+/-","GP","G","A2","KP","AT","SOT","TkW","DIS","ErG","YC","RC","AP","PC%","SFTP","ACNC","Int","CLR","CoS","AER","PKM","OG","GAD","CSD","CSM"
"Jack Grealish","AVL","M","1","Joe","@ARS Mon 8:15AM","174","29","100%","0%","6","4","1","17","5","7","4","16","0","1","0","171","79.5","117","3","3","1","18","11","0","0","0","0","1"
"Harry Kane","TOT","F","2","BS420FC","@WBA Mon 1:00AM","197.5","28.21","100%","0%","7","6","0","14","8","14","2","13","0","0","0","120","71.9","58","1","2","9","6","19","0","0","0","0","0"
"Mohamed Salah","LIV","F","3","ratzzz","@MCI Mon 5:30AM","181.5","25.93","100%","0%","7","7","0","18","1","14","4","20","0","0","0","240","83.3","128","0","0","2","15","1","0","0","0","0","0"
"Bruno Fernandes","MUN","M","4","MKJ","@EVE Sun 1:30AM","153.25","25.54","100%","0%","6","3","0","19","2","7","9","4","0","1","0","276","78.0","119","4","7","6","5","2","1","0","0","0","1"
"Son Heung-Min","TOT","M,F","5","BigUps","@WBA Mon 1:00AM","169.5","24.21","100%","0%","7","8","0","17","2","10","3","8","0","0","0","149","81.4","64","1","3","1","5","5","0","0","0","0","1"
"Sadio Mane","LIV","F","6","Blkeburn","@MCI Mon 5:30AM","141.75","23.62","100%","0%","6","4","0","12","2","10","6","14","0","2","0","171","81.4","90","2","4","2","18","9","0","0","0","0","0"
"Kevin De Bruyne","MCI","M","7","Joe","LIV Mon 5:30AM","117.25","23.45","100%","0%","5","1","1","18","2","6","4","3","0","0","0","212","79.4","99","3","0","1","8","0","0","0","0","0","1"
"Ben Chilwell","CHE","D","8","BS420FC","SHU Sun 6:30AM","93.75","23.44","100%","0%","4","1","0","9","2","2","3","1","0","1","0","243","81.8","61","5","4","9","4","8","0","0","3","2","1"
"James Rodriguez","EVE","M,F","9","BCFC","MUN Sun 1:30AM","137","22.83","94%","0%","6","3","1","17","3","6","4","14","0","1","0","247","85.8","70","3","6","0","16","2","0","0","0","0","0"
"Conor Hourihane","AVL","M","10","FA","@ARS Mon 8:15AM","45.25","22.62","16%","-2.8%","2","1","0","5","1","1","0","0","0","0","0","68","88.3","36","3","0","2","0","2","0","0","0","0","2"
"Serge Aurier","TOT","D","11","WW69","@WBA Mon 1:00AM","44.25","22.12","73%","-5.8%","2","1","0","2","1","2","6","1","0","0","0","90","81.1","15","1","4","7","3","2","0","0","4","0","0"
"Joao Cancelo","MCI","D","12","BigUps","LIV Mon 5:30AM","63","21","97%","+2.5%","3","0","0","9","1","0","3","0","0","1","0","157","83.5","48","3","6","3","7","4","0","0","1","1","1"
"Jamie Vardy","LEI","F","13","WW69","WOL Mon 3:00AM","119.75","19.96","100%","0%","6","7","0","4","2","9","3","2","0","0","0","42","61.8","18","0","0","4","4","8","0","0","0","0","0"
"Dominic Calvert-Lewin","EVE","F","14","Bantztas","MUN Sun 1:30AM","139","19.86","100%","0%","7","8","0","4","0","14","1","5","0","1","0","85","73.9","41","1","1","5","3","28","0","0","0","0","0"
"Gabriel Jesus","MCI","F","15","STV","LIV Mon 5:30AM","19.75","19.75","99%","+1.4%","1","1","0","1","0","3","0","4","0","1","0","24","77.4","11","0","1","1","2","1","0","0","0","0","0"
"Ollie Watkins","AVL","F","16","Joe","@ARS Mon 8:15AM","115.5","19.25","91%","+0.8%","6","4","0","9","1","7","4","10","0","0","0","94","65.7","47","1","5","1","8","28","0","0","0","0","0"
"Rayan Ait-Nouri","WOL","D","17","ratzzz","@LEI Mon 3:00AM","18.5","18.5","56%","+33.7%","1","1","0","0","0","1","0","2","0","0","0","44","86.3","8","0","1","2","2","1","0","0","0","0","1"
"Juan Mata","MUN","M","18","FA","@EVE Sun 1:30AM","36","18","14%","-11%","2","0","0","6","1","2","0","0","0","0","0","85","91.4","45","0","1","0","0","0","0","0","0","0","0"
"James Ward-Prowse","SOU","M","19","Joe","NEW 0<br/>@SOU 2 F","141","17.62","100%","+0.7%","8","3","0","13","1","6","14","2","0","1","0","445","85.6","73","4","7","8","2","13","0","0","0","0","4"
"Kurt Zouma","CHE","D","20","splitt1n","SHU Sun 6:30AM","104.75","17.46","91%","+2.1%","6","3","0","1","0","5","1","1","0","0","0","366","90.1","13","0","8","32","0","20","0","0","6","3","0"
"Mateusz Klich","LEE","M","21","splitt1n","@CRY Sun 4:00AM","119.75","17.11","97%","-0.4%","7","2","0","10","2","4","7","4","0","2","0","334","83.9","132","1","8","5","3","6","0","0","0","0","2"
"Tom Cairney","FUL","M","22","STV","@WHU Sun 9:00AM","102","17","61%","+3.8%","6","1","0","12","0","4","2","7","0","2","0","429","93.5","135","7","0","1","14","3","0","0","0","0","1"
"Danny Ings","SOU","F","23","BigUps","NEW 0<br/>@SOU 2 F","118.75","16.96","99%","-0.4%","7","5","0","6","2","9","3","4","0","0","0","95","61.3","40","1","0","6","10","5","0","0","0","0","0"
"Mason Mount","CHE","M","24","248 SC","SHU Sun 6:30AM","101.75","16.96","100%","+1.3%","6","1","0","11","2","5","8","7","0","0","0","200","85.1","76","3","6","2","7","4","0","0","0","0","1"
"Jack Harrison","LEE","M","25","Blkeburn","@CRY Sun 4:00AM","101.75","16.96","96%","+0.8%","6","1","0","17","2","2","7","19","0","0","0","150","77.3","65","6","5","2","8","6","0","0","0","0","2"
"Antonee Robinson","FUL","D","26","Joe","@WHU Sun 9:00AM","66.5","16.62","34%","+12.4%","4","0","1","7","0","1","4","3","0","0","0","162","83.1","56","6","6","10","3","6","0","0","3","1","0"
"Patrick Bamford","LEE","F","27","248 SC","@CRY Sun 4:00AM","115.75","16.54","99%","+0.1%","7","6","0","4","2","13","2","4","0","1","0","59","72.8","18","1","0","6","3","7","0","0","0","0","0"
"Jannik Vestergaard","SOU","D","28","BigUps","NEW 0<br/>@SOU 2 F","114","16.29","84%","+7.2%","7","2","0","2","0","3","5","1","0","0","0","338","82.6","26","0","6","38","1","24","0","0","6","4","0"
"Riyad Mahrez","MCI","M,F","29","Blkeburn","LIV Mon 5:30AM","81.25","16.25","100%","0%","5","1","0","9","1","6","1","13","0","0","0","188","86.2","81","1","0","1","12","4","0","0","0","0","1"
"Youri Tielemans","LEI","M","30","BCFC","WOL Mon 3:00AM","112.75","16.11","99%","+1.3%","7","3","2","2","0","7","7","5","0","3","0","383","84.0","104","3","15","4","6","3","0","0","0","0","2"
"Lucas Digne","EVE","D","31","STV","MUN Sun 1:30AM","96","16","100%","0%","6","0","0","11","3","0","6","3","0","0","1","279","80.6","58","11","6","21","2","14","0","0","9","1","0"
"Nathaniel Phillips","LIV","D","32","FA","@MCI Mon 5:30AM","15.75","15.75","12%","+11.4%","1","0","0","1","0","0","0","1","0","0","0","66","80.5","7","0","2","9","0","5","0","0","1","0","0"
"Pedro Neto","WOL","M,F","33","BS420FC","@LEI Mon 3:00AM","110.25","15.75","87%","+2.9%","7","1","0","14","2","2","5","13","0","0","0","202","91.0","75","5","11","2","14","4","0","0","0","0","2"
"Ben Mee","BUR","D","34","W (Mon)","BUR 0<br/>@BHA 0 F","15.75","15.75","39%","+2.2%","1","0","0","0","0","0","1","0","0","0","0","36","80.0","1","0","1","6","0","3","0","0","0","1","0"
"Thiago","LIV","M","35","Bantztas","@MCI Mon 5:30AM","31.5","15.75","87%","-0.2%","2","0","0","3","0","0","1","2","0","0","0","147","91.3","54","0","3","1","4","1","0","0","0","0","0"
"Aaron Cresswell","WHU","D","36","STV","FUL Sun 9:00AM","109.75","15.68","88%","+2.9%","7","0","0","13","3","0","4","2","0","0","0","251","81.8","51","11","7","26","0","8","0","0","10","2","0"
"Tyrone Mings","AVL","D","37","BCFC","@ARS Mon 8:15AM","93.25","15.54","87%","+1.5%","6","2","0","2","1","4","4","0","0","2","0","208","76.5","29","0","3","27","4","18","0","0","9","3","0"
"Timothy Castagne","LEI","D,M","38","BS420FC","WOL Mon 3:00AM","91.5","15.25","94%","-0.5%","6","1","0","5","3","2","2","2","0","1","0","241","79.3","56","2","6","16","5","15","0","0","5","1","1"
"Jorginho","CHE","M","39","Blkeburn","SHU Sun 6:30AM","91.25","15.21","85%","-4.4%","6","3","0","4","2","4","5","2","0","0","0","273","85.6","41","1","7","4","2","4","1","0","0","0","2"
"Solly March","BHA","M","40","ratzzz","BUR 0<br/>@BHA 0 F","105.5","15.07","77%","+0.2%","7","1","0","10","1","1","9","7","0","0","0","218","78.7","93","5","6","4","18","2","0","0","0","0","1"
"Maximilian Kilman","WOL","D","41","FA","@LEI Mon 3:00AM","60.25","15.06","59%","+2.7%","4","0","0","3","1","0","2","0","0","0","0","197","92.1","29","0","4","14","2","4","0","0","1","3","0"
"John McGinn","AVL","M","42","BS420FC","@ARS Mon 8:15AM","90.25","15.04","97%","-0.9%","6","1","0","11","4","2","3","8","0","3","0","129","75.9","53","2","6","5","9","1","0","0","0","0","3"
"Ademola Lookman","FUL","M,F","43","Joe","@WHU Sun 9:00AM","59.75","14.94","62%","+0.4%","4","1","0","8","0","4","2","13","0","1","0","97","80.2","46","1","2","1","16","0","0","0","0","0","1"
"Timo Werner","CHE","M,F","44","248 SC","SHU Sun 6:30AM","104","14.86","100%","0%","7","3","0","5","2","8","1","4","0","0","0","173","82.0","68","1","4","2","11","1","0","0","0","0","1"
"Wilfried Zaha","CRY","M,F","45","248 SC","LEE Sun 4:00AM","102.75","14.68","100%","-0.1%","7","5","0","10","1","7","2","19","0","2","0","110","79.1","56","1","1","1","11","3","0","0","0","0","0"
"Andros Townsend","CRY","M","46","BigUps","LEE Sun 4:00AM","102","14.57","91%","+0.3%","7","1","1","11","2","3","9","12","0","0","0","108","64.3","40","8","10","4","11","2","0","0","0","0","1"
"Reece James","CHE","D,M","47","ratzzz","SHU Sun 6:30AM","87","14.5","100%","+0.4%","6","1","0","8","1","1","12","2","0","1","0","267","86.7","60","8","4","10","5","8","0","0","7","1","1"
"Kalvin Phillips","LEE","M","48","splitt1n","@CRY Sun 4:00AM","72.25","14.45","85%","-0.1%","5","0","0","10","1","1","11","3","0","2","0","222","82.8","42","5","8","6","3","4","0","0","0","0","1"
"Marcus Rashford","MUN","F","49","BCFC","@EVE Sun 1:30AM","86.5","14.42","100%","0%","6","2","0","9","2","7","0","11","0","1","0","167","83.5","72","0","1","1","8","3","0","0","0","0","0"
"Raul Jimenez","WOL","F","50","Blkeburn","@LEI Mon 3:00AM","100.75","14.39","100%","0%","7","4","0","3","0","9","1","13","0","0","0","156","79.2","54","1","7","8","10","11","0","1","0","0","0"
"Ola Aina","FUL","D","51","FA","@WHU Sun 9:00AM","57.5","14.38","7%","+4.7%","4","1","0","2","0","1","5","3","0","0","0","215","85.0","46","2","7","12","4","1","0","0","4","1","0"
"Andre-Frank Zambo Anguissa","FUL","M","52","BS420FC","@WHU Sun 9:00AM","99.75","14.25","58%","+5.4%","7","0","0","7","1","2","9","13","0","1","0","349","88.1","89","2","12","2","26","6","0","0","0","0","1"
"Jimmy Dunne","BUR","D","53","W (Mon)","BUR 0<br/>@BHA 0 F","28.5","14.25","3%","-0.3%","2","1","0","2","0","1","0","1","0","0","0","59","67.8","4","0","4","10","0","8","0","0","5","0","0"
"Callum Wilson","NEW","F","54","BS420FC","NEW 0<br/>@SOU 2 F","113","14.12","93%","+0.5%","8","6","0","7","2","7","1","9","0","1","0","69","63.9","27","0","4","2","5","14","0","0","0","0","0"
"Andrew Robertson","LIV","D","55","BCFC","@MCI Mon 5:30AM","98.25","14.04","100%","0%","7","1","0","10","2","2","4","4","1","0","0","434","84.9","131","4","3","13","6","5","0","0","15","1","0"
"Bukayo Saka","ARS","M","56","WW69","AVL Mon 8:15AM","70","14","95%","+2%","5","1","2","3","0","5","4","0","0","0","0","136","78.6","44","2","4","4","9","2","0","0","0","0","1"
"Nelson Semedo","WOL","D,M","57","MKJ","@LEI Mon 3:00AM","69.75","13.95","87%","+1.9%","5","0","0","3","0","1","6","2","0","0","0","186","82.3","59","3","8","8","18","4","0","0","0","0","3"
"Ryan Fredericks","WHU","D","58","FA","FUL Sun 9:00AM","41.75","13.92","13%","-1%","3","0","0","9","1","0","2","1","0","2","0","79","84.0","25","3","5","8","1","6","0","0","4","0","0"
"Che Adams","SOU","F","59","STV","NEW 0<br/>@SOU 2 F","110.5","13.81","89%","+5%","8","3","0","7","3","11","5","13","0","1","0","115","71.4","49","0","1","4","9","12","0","0","0","0","0"
"Richarlison","EVE","M,F","60","MKJ","MUN Sun 1:30AM","69","13.8","100%","0%","5","1","0","4","3","3","9","9","0","1","1","100","74.6","28","0","2","4","16","5","0","0","0","0","0"
"Raheem Sterling","MCI","F","61","splitt1n","LIV Mon 5:30AM","82.5","13.75","100%","0%","6","2","0","8","1","5","2","19","0","0","0","175","83.3","78","0","1","1","13","3","0","0","0","0","0"
"Tariq Lamptey","BHA","D,M","62","Joe","BUR 0<br/>@BHA 0 F","110","13.75","95%","+0.8%","8","1","0","7","3","2","9","4","0","2","0","220","80.9","72","8","14","6","10","4","0","0","0","1","0"
"Ross Barkley","AVL","M","63","BS420FC","@ARS Mon 8:15AM","82","13.67","88%","+0.3%","6","2","1","10","0","5","0","11","0","0","0","145","83.8","60","0","3","2","9","7","0","0","0","0","1"
"Neal Maupay","BHA","F","64","ratzzz","BUR 0<br/>@BHA 0 F","95.5","13.64","95%","-1.4%","7","4","0","5","1","10","2","17","0","0","0","140","80.9","51","1","3","2","5","6","0","0","0","0","0"
"Joachim Andersen","FUL","D","65","FA","@WHU Sun 9:00AM","13.5","13.5","2%","+1.6%","1","0","0","0","0","0","0","0","0","0","0","25","67.6","2","0","0","5","0","4","0","0","0","1","0"
"Matheus Pereira","WBA","M","66","Joe","TOT Mon 1:00AM","94.25","13.46","98%","-1.2%","7","1","0","10","2","4","2","10","0","0","0","176","77.9","69","3","6","7","9","3","0","0","0","0","1"
"Harvey Barnes","LEI","M,F","67","BigUps","WOL Mon 3:00AM","94","13.43","99%","+0.2%","7","2","0","3","1","10","3","6","0","0","0","132","75.9","75","0","2","2","14","7","0","0","0","0","1"
"Kenny Tete","FUL","D","68","FA","@WHU Sun 9:00AM","26.75","13.38","8%","-0.3%","2","0","0","4","1","0","2","0","0","1","0","40","85.1","9","6","4","4","0","3","0","0","4","0","0"
"Trezeguet","AVL","M,F","69","BCFC","@ARS Mon 8:15AM","79.75","13.29","70%","-2.7%","6","0","0","7","1","4","8","5","0","0","0","75","74.3","34","3","11","8","8","11","0","0","0","0","1"
"Michail Antonio","WHU","M,F","70","WW69","FUL Sun 9:00AM","79","13.17","99%","0%","6","3","0","6","0","9","2","19","0","1","0","64","66.7","29","0","2","1","13","17","0","0","0","0","0"
"Stuart Dallas","LEE","D,M","71","BS420FC","@CRY Sun 4:00AM","92","13.14","67%","+4%","7","1","0","3","1","6","14","5","0","2","0","331","80.3","81","1","13","9","5","6","0","0","12","1","1"
"Thiago Silva","CHE","D","72","248 SC","SHU Sun 6:30AM","52.5","13.12","94%","+6.6%","4","0","0","1","0","1","3","0","1","0","0","359","94.0","28","0","5","17","0","5","0","0","3","3","0"
"Phil Foden","MCI","M,F","73","BigUps","LIV Mon 5:30AM","78.5","13.08","100%","-0.3%","6","2","0","3","1","5","2","5","0","0","0","149","86.1","67","0","3","1","12","5","0","0","0","0","1"
"Stuart Armstrong","SOU","M","74","BigUps","NEW 0<br/>@SOU 2 F","78.25","13.04","59%","+7%","6","1","0","7","2","2","8","12","0","0","0","171","79.5","43","1","8","5","5","0","0","0","0","0","4"
"Fabian Balbuena","WHU","D","75","Blkeburn","FUL Sun 9:00AM","64.5","12.9","31%","+5.5%","5","1","0","0","0","1","5","0","0","1","0","102","69.9","6","0","12","29","0","6","0","0","6","2","0"
"Kyle Walker","MCI","D","76","BS420FC","LIV Mon 5:30AM","77.25","12.88","96%","+4.4%","6","1","0","3","0","3","5","6","0","0","0","382","88.4","91","1","6","9","7","9","0","0","8","2","0"
"Arthur Masuaku","WHU","D","77","MKJ","FUL Sun 9:00AM","76.75","12.79","61%","+12.2%","6","0","0","6","1","1","6","8","0","1","0","201","79.4","51","8","2","10","18","6","0","0","8","2","0"
"Kai Havertz","CHE","M,F","78","MKJ","SHU Sun 6:30AM","89.5","12.79","96%","-0.1%","7","1","0","8","2","4","4","10","1","1","0","254","86.7","86","1","1","7","6","10","0","0","0","0","2"
"Trent Alexander-Arnold","LIV","D","79","BigUps","@MCI Mon 5:30AM","88.5","12.64","100%","0%","7","0","0","13","1","2","5","4","0","1","0","406","80.9","114","8","9","8","7","2","0","0","15","1","0"
"Wilfred Ndidi","LEI","D,M","80","Blkeburn","WOL Mon 3:00AM","25","12.5","40%","-0.8%","2","0","0","0","0","0","3","0","0","0","0","131","84.5","4","0","4","6","0","8","0","0","2","1","0"
"Daniel Podence","WOL","M,F","81","ratzzz","@LEI Mon 3:00AM","74.75","12.46","93%","+4.1%","6","1","0","6","2","5","2","2","0","0","0","127","78.9","53","2","3","0","10","0","0","0","0","0","0"
"Diogo Jota","LIV","F","82","WW69","@MCI Mon 5:30AM","61.5","12.3","98%","+5.4%","5","3","0","2","0","6","1","3","0","0","0","84","81.6","44","0","0","1","4","3","0","0","0","0","0"
"Romain Saiss","WOL","D,M","83","FA","@LEI Mon 3:00AM","73.75","12.29","95%","-1%","6","1","0","1","0","2","4","0","0","0","0","247","83.2","37","1","12","19","4","17","0","0","7","1","2"
"Ezri Konsa Ngoyo","AVL","D","84","STV","@ARS Mon 8:15AM","73.5","12.25","64%","-8.5%","6","1","0","0","0","2","3","0","0","0","0","129","76.8","4","0","5","32","0","21","0","0","9","3","0"
"Pablo Fornals","WHU","M","85","MKJ","FUL Sun 9:00AM","85.25","12.18","75%","+24.8%","7","2","0","6","3","5","1","3","0","1","0","162","80.2","44","0","5","1","6","5","0","0","0","0","2"
"Dani Ceballos","ARS","M","86","BCFC","AVL Mon 8:15AM","73","12.17","75%","-2.1%","6","0","0","9","1","0","5","2","0","1","0","298","88.4","62","3","10","3","8","3","0","0","0","0","0"
"Matthew Cash","AVL","D","87","Joe","@ARS Mon 8:15AM","72","12","67%","-8.2%","6","0","0","4","0","0","13","3","0","3","0","142","77.2","32","3","18","20","0","7","0","0","9","3","0"
"Aleksandar Mitrovic","FUL","F","88","MKJ","@WHU Sun 9:00AM","83.75","11.96","94%","+0.5%","7","2","0","7","2","8","0","5","0","1","0","107","74.3","37","1","0","2","4","26","1","0","0","0","0"
"Scott McTominay","MUN","M","89","splitt1n","@EVE Sun 1:30AM","59.75","11.95","32%","+3%","5","0","0","7","0","0","6","3","0","0","0","212","87.2","42","0","10","5","6","8","0","0","0","0","1"
"Jordan Henderson","LIV","M","90","STV","@MCI Mon 5:30AM","59.25","11.85","74%","-3.1%","5","0","0","4","0","1","6","0","0","0","0","334","86.5","94","3","4","3","2","2","0","0","0","0","0"
"Pierre-Emerick Aubameyang","ARS","F","91","Bantztas","AVL Mon 8:15AM","82.25","11.75","100%","0%","7","2","1","8","1","7","5","6","0","2","0","137","78.7","57","2","0","3","3","9","0","0","0","0","0"
"Pierre-Emile Hojbjerg","TOT","M","92","WW69","@WBA Mon 1:00AM","82.25","11.75","62%","-0.2%","7","0","0","5","1","0","9","5","0","1","0","527","89.5","82","1","7","13","2","12","0","0","0","0","1"
"Roberto Firmino","LIV","F","93","Bantztas","@MCI Mon 5:30AM","81.25","11.61","99%","-0.5%","7","1","0","9","2","4","4","7","0","1","0","198","81.1","79","0","0","2","10","2","0","0","0","0","0"
"Wesley Fofana","LEI","D","94","STV","WOL Mon 3:00AM","34.75","11.58","51%","+3.6%","3","0","0","0","0","0","4","3","0","1","0","91","81.3","3","0","10","15","1","9","0","0","2","1","0"
"Helder Costa","LEE","M,F","95","STV","@CRY Sun 4:00AM","80.75","11.54","76%","+1.1%","7","2","0","7","2","3","4","14","0","0","0","136","79.1","50","3","1","2","10","1","0","0","0","0","2"
"Rodrigo","MCI","M","96","BCFC","LIV Mon 5:30AM","69","11.5","50%","+2.4%","6","0","0","5","0","1","5","3","0","2","0","456","92.5","87","0","6","8","4","15","0","0","0","0","2"
"Sergio Reguilon","TOT","D","97","splitt1n","@WBA Mon 1:00AM","34.5","11.5","87%","+1.1%","3","0","0","6","2","1","3","3","0","1","0","131","79.4","24","2","2","3","2","0","0","0","5","0","0"
"Matt Doherty","TOT","D,M","98","BCFC","@WBA Mon 1:00AM","57","11.4","97%","+0.8%","5","0","0","3","0","1","5","2","0","1","0","180","78.3","46","1","8","11","3","25","0","0","5","1","0"
"Harry Maguire","MUN","D","99","Blkeburn","@EVE Sun 1:30AM","68.25","11.38","95%","+1%","6","1","0","2","1","2","2","1","1","2","0","347","86.5","39","0","11","22","1","28","0","0","13","1","0"
"Emil Krafth","NEW","D","100","W (Mon)","NEW 0<br/>@SOU 2 F","22.75","11.38","1%","-0.1%","2","0","0","2","1","0","1","1","0","1","0","50","73.5","11","1","3","11","0","5","0","0","5","0","0"
"Willy Boly","WOL","D","101","Blkeburn","@LEI Mon 3:00AM","79.5","11.36","98%","+1.1%","7","0","0","0","0","0","9","2","0","0","0","258","81.1","24","0","11","28","0","21","0","0","8","4","0"
"Leandro Trossard","BHA","M,F","102","Joe","BUR 0<br/>@BHA 0 F","79","11.29","92%","-1.4%","7","1","0","11","2","6","0","15","1","1","0","152","72.4","83","3","2","0","6","2","0","0","0","0","0"
"Oliver McBurnie","SHU","F","103","BigUps","@CHE Sun 6:30AM","79","11.29","58%","+0.5%","7","0","0","5","1","5","3","3","0","1","0","90","62.1","44","0","4","9","2","54","0","0","0","0","0"
"Tomas Soucek","WHU","M","104","splitt1n","FUL Sun 9:00AM","78.75","11.25","83%","+1.1%","7","0","0","4","1","4","4","4","0","1","0","165","71.7","35","0","8","15","0","41","0","0","0","0","2"
"Timothy Fosu-Mensah","MUN","D","105","FA","@EVE Sun 1:30AM","11.25","11.25","1%","0%","1","0","0","2","0","0","0","2","0","1","0","60","90.9","23","1","3","1","2","1","0","0","2","0","0"
"Oriol Romeu","SOU","M","106","W (Mon)","NEW 0<br/>@SOU 2 F","89.75","11.22","29%","+6.7%","8","1","0","6","0","4","16","3","0","3","0","408","80.6","54","1","13","4","3","15","0","0","0","0","4"
"Matt Targett","AVL","D,M","107","splitt1n","@ARS Mon 8:15AM","67.25","11.21","28%","-2.8%","6","0","1","4","0","0","4","0","0","2","0","172","77.5","69","4","8","12","2","12","0","0","9","3","0"
"Allan Saint-Maximin","NEW","F","108","ratzzz","NEW 0<br/>@SOU 2 F","78.25","11.18","99%","0%","7","1","0","6","1","4","6","15","0","0","0","116","85.3","42","3","1","1","26","1","0","0","0","0","1"
"James Tarkowski","BUR","D","109","BigUps","BUR 0<br/>@BHA 0 F","55.75","11.15","92%","-1.4%","5","0","0","2","0","2","6","1","0","1","0","133","76.4","11","0","4","20","0","27","0","0","7","2","0"
"Leander Dendoncker","WOL","D,M","110","STV","@LEI Mon 3:00AM","66.5","11.08","51%","+5.4%","6","0","0","7","1","1","6","1","0","0","0","170","86.3","44","2","4","4","0","21","0","0","0","0","4"
"Luke Ayling","LEE","D","111","Blkeburn","@CRY Sun 4:00AM","77.5","11.07","78%","-0.2%","7","0","0","8","0","2","9","6","0","1","0","335","76.3","76","4","2","14","11","11","0","0","13","2","0"
"Kieran Tierney","ARS","D,M","112","WW69","AVL Mon 8:15AM","66.25","11.04","88%","+1.1%","6","0","0","4","0","0","2","5","0","0","0","273","82.2","55","3","7","23","2","6","0","0","5","2","0"
"Kyle Walker-Peters","SOU","D","113","ratzzz","NEW 0<br/>@SOU 2 F","88.25","11.03","70%","-1%","8","0","1","3","1","2","12","10","0","3","0","311","80.4","59","1","14","14","14","3","0","0","12","4","0"
"Alexandre Lacazette","ARS","F","114","WW69","AVL Mon 8:15AM","65.75","10.96","98%","+0.1%","6","3","0","6","0","6","2","9","0","1","0","80","79.2","25","0","4","3","2","7","0","0","0","0","0"
"N'Golo Kante","CHE","M","115","248 SC","SHU Sun 6:30AM","76.25","10.89","78%","+2.7%","7","0","0","1","0","0","10","1","0","1","0","388","88.0","67","1","22","6","7","6","0","0","0","0","3"
"Theo Walcott","SOU","M,F","116","BS420FC","NEW 0<br/>@SOU 2 F","43.25","10.81","53%","+7.9%","4","0","0","6","3","0","4","6","0","0","0","51","76.1","14","0","2","0","5","2","0","0","0","0","0"
"Luke Thomas","LEI","D","117","FA","WOL Mon 3:00AM","10.75","10.75","17%","+2.3%","1","0","0","0","0","1","3","2","0","1","0","8","42.1","1","0","1","7","1","1","0","0","0","0","0"
"Branislav Ivanovic","WBA","D","118","FA","TOT Mon 1:00AM","32","10.67","7%","-2%","3","0","0","1","0","1","4","0","0","0","0","136","81.0","4","0","2","15","0","6","0","0","3","1","0"
"Sander Berge","SHU","M","119","FA","@CHE Sun 6:30AM","74.25","10.61","17%","+7.7%","7","1","0","7","0","2","4","1","0","2","0","191","83.8","73","2","3","8","11","7","0","0","0","0","0"
"Jan Bednarek","SOU","D","120","248 SC","NEW 0<br/>@SOU 2 F","84.5","10.56","33%","-2.1%","8","0","0","1","0","3","2","0","0","0","0","361","82.4","26","0","13","28","1","22","0","0","9","4","0"
"Conor Townsend","WBA","D","121","FA","TOT Mon 1:00AM","52.75","10.55","5%","-0.1%","5","0","0","3","0","1","7","1","0","0","0","208","82.5","49","3","7","9","3","12","0","0","8","1","0"
"Declan Rice","WHU","M","122","splitt1n","FUL Sun 9:00AM","73.5","10.5","83%","-0.8%","7","0","0","5","0","0","7","5","0","1","0","279","86.1","54","1","17","9","10","7","0","0","0","0","2"
"Josh Brownhill","BUR","M","123","Joe","BUR 0<br/>@BHA 0 F","73.25","10.46","17%","+5.7%","7","0","0","6","0","0","10","4","0","1","0","253","81.6","53","1","16","4","4","21","0","0","0","0","2"
"Vladimir Coufal","WHU","D","124","FA","FUL Sun 9:00AM","41.75","10.44","44%","+5.5%","4","0","0","3","2","0","6","3","0","2","0","76","63.9","21","2","5","10","0","6","0","0","6","1","0"
"Rodrigo","LEE","M,F","125","splitt1n","@CRY Sun 4:00AM","62.5","10.42","75%","-4.5%","6","1","0","6","1","5","1","6","0","0","0","107","79.3","52","0","1","4","5","5","0","0","0","0","0"
"Rob Holding","ARS","D","126","FA","AVL Mon 8:15AM","41.5","10.38","18%","+5.4%","4","0","0","0","0","0","6","0","0","1","0","231","86.5","6","0","6","18","2","6","0","0","4","2","0"
"Ashley Westwood","BUR","M","127","W (Mon)","BUR 0<br/>@BHA 0 F","72.25","10.32","40%","-0.4%","7","1","0","8","0","2","3","1","0","1","0","347","80.7","87","2","3","6","1","1","0","0","0","0","2"
"James Justin","LEI","D,M","128","W (Mon)","WOL Mon 3:00AM","72","10.29","85%","-3.1%","7","1","1","3","1","1","6","7","0","1","0","215","77.9","50","1","10","14","4","8","0","0","6","1","1"
"Dwight McNeil","BUR","M","129","BigUps","BUR 0<br/>@BHA 0 F","71.75","10.25","89%","-1.6%","7","0","0","8","1","0","4","14","0","1","0","193","80.1","42","12","7","1","16","6","0","0","0","0","2"
"Scott Dann","CRY","D","130","FA","LEE Sun 4:00AM","30.5","10.17","8%","-1.9%","3","0","0","0","0","0","1","0","0","0","0","109","82.6","4","0","2","15","3","11","0","0","3","1","0"
"Matthew Lowton","BUR","D","131","W (Mon)","BUR 0<br/>@BHA 0 F","30.5","10.17","2%","+0.6%","3","0","0","1","0","0","4","1","0","0","0","81","69.2","20","1","7","6","3","2","0","0","4","1","0"
"Willian","ARS","F","132","splitt1n","AVL Mon 8:15AM","60.75","10.12","96%","-0.6%","6","0","0","7","3","1","1","3","0","0","0","170","86.3","60","1","1","3","2","3","0","0","0","0","0"
"Chris Basham","SHU","D","133","FA","@CHE Sun 6:30AM","70.5","10.07","48%","-2.4%","7","0","0","2","0","0","14","3","0","0","0","163","80.3","40","2","12","30","1","18","0","0","10","0","0"
"George Baldock","SHU","D,M","134","Joe","@CHE Sun 6:30AM","70.5","10.07","49%","-1.1%","7","0","0","4","1","1","6","3","0","1","0","159","77.9","82","4","5","14","8","5","0","0","1","0","0"
"Matt Ritchie","NEW","D,M","135","BCFC","NEW 0<br/>@SOU 2 F","10","10","19%","-0.5%","1","0","0","1","0","0","0","0","0","0","0","19","79.2","5","2","0","4","0","3","0","0","1","0","0"
"Hakim Ziyech","CHE","M","136","ratzzz","SHU Sun 6:30AM","30","10","100%","+0.6%","3","1","0","2","1","1","0","1","0","0","0","54","83.1","23","0","2","0","0","1","0","0","0","0","0"
"Enda Stevens","SHU","D,M","137","MKJ","@CHE Sun 6:30AM","69.75","9.96","53%","-5.3%","7","0","0","1","0","2","11","4","0","1","0","235","83.3","73","0","6","25","7","11","0","0","4","0","0"
"Gabriel Magalhaes","ARS","D","138","WW69","AVL Mon 8:15AM","59.75","9.96","86%","+5.1%","6","1","0","0","0","1","8","1","0","1","0","468","89.5","19","0","7","17","0","15","0","0","4","2","0"
"Hector Bellerin","ARS","D,M","139","Bantztas","AVL Mon 8:15AM","69.5","9.93","89%","+7.3%","7","0","0","4","3","1","7","3","0","3","0","266","84.4","52","5","10","8","5","8","0","0","2","0","2"
"Gareth Bale","TOT","M,F","140","WW69","@WBA Mon 1:00AM","19.75","9.88","91%","+0.2%","2","1","0","2","0","2","0","0","0","0","0","6","54.5","3","0","0","0","1","2","0","0","0","0","0"
"Mohamed Elneny","ARS","M","141","BCFC","AVL Mon 8:15AM","39.25","9.81","5%","+2.8%","4","0","0","1","0","0","2","1","0","0","0","228","93.8","41","0","11","5","1","2","0","0","0","0","2"
"Jonjo Shelvey","NEW","M","142","STV","NEW 0<br/>@SOU 2 F","48.75","9.75","49%","-4.5%","5","0","0","6","0","2","4","1","0","2","0","178","72.1","42","2","4","5","6","6","0","0","0","0","1"
"Conor Gallagher","WBA","M","143","FA","TOT Mon 1:00AM","29.25","9.75","6%","-0.2%","3","0","0","3","0","0","5","4","0","1","0","95","81.2","29","0","3","5","3","4","0","0","0","0","1"
"Aaron Wan-Bissaka","MUN","D","144","splitt1n","@EVE Sun 1:30AM","48.5","9.7","95%","-0.9%","5","1","0","2","0","2","8","5","0","0","0","203","84.2","42","0","7","7","3","5","0","0","10","1","0"
"Fabinho","LIV","D,M","145","BCFC","@MCI Mon 5:30AM","58","9.67","56%","-4.8%","6","0","0","2","1","0","7","1","0","1","0","352","90.5","37","0","10","8","1","6","0","0","1","1","0"
"Jeffrey Schlupp","CRY","D,M","146","FA","LEE Sun 4:00AM","48","9.6","34%","-5.2%","5","0","0","4","1","1","5","10","0","1","0","68","67.3","23","1","6","2","11","14","0","0","0","0","1"
"Douglas Luiz","AVL","M","147","FA","@ARS Mon 8:15AM","57.25","9.54","10%","+4.1%","6","0","0","4","1","3","2","4","0","2","0","193","82.5","59","1","10","4","4","5","0","0","0","0","3"
"Ryan Bertrand","SOU","D","148","MKJ","NEW 0<br/>@SOU 2 F","66.75","9.54","51%","-5.5%","7","0","0","8","0","1","4","1","0","1","0","268","81.0","63","2","6","8","2","13","0","0","10","3","0"
"Jack Robinson","SHU","D","149","FA","@CHE Sun 6:30AM","28.5","9.5","1%","+0.1%","3","0","0","0","1","0","3","0","0","0","0","94","83.2","12","0","4","12","0","9","0","0","4","0","0"
"Cesar Azpilicueta","CHE","D","150","ratzzz","SHU Sun 6:30AM","47.5","9.5","85%","-5.4%","5","0","0","2","1","1","1","1","0","1","0","258","84.6","56","1","0","9","1","8","0","0","3","2","0"
"Steven Alzate","BHA","M","151","W (Mon)","BUR 0<br/>@BHA 0 F","47.5","9.5","9%","-1.9%","5","0","0","7","0","1","6","5","0","1","0","179","91.8","53","0","4","2","7","0","0","0","0","0","1"
"Abdoulaye Doucoure","EVE","M","152","MKJ","MUN Sun 1:30AM","66.25","9.46","63%","-5.2%","7","0","0","8","1","2","9","5","0","2","0","319","87.9","55","0","11","2","3","4","0","0","0","0","1"
"Michael Keane","EVE","D","153","Bantztas","MUN Sun 1:30AM","66","9.43","82%","-4.3%","7","2","0","2","0","2","3","2","0","0","0","512","91.9","16","0","9","25","0","10","0","0","11","1","0"
"Grady Diangana","WBA","M","154","FA","TOT Mon 1:00AM","65.75","9.39","49%","-4.9%","7","1","1","4","0","3","8","24","0","0","0","131","77.5","58","0","6","2","13","9","0","0","0","0","1"
"Dennis Praet","LEI","M,F","155","FA","WOL Mon 3:00AM","56.25","9.38","47%","-1.5%","6","1","0","4","1","2","2","5","0","0","0","122","81.9","43","2","5","3","5","1","0","0","0","0","1"
"Yves Bissouma","BHA","M","156","W (Mon)","BUR 0<br/>@BHA 0 F","65.25","9.32","12%","-1%","7","1","0","1","0","1","10","10","0","2","1","319","86.4","81","0","8","8","9","12","0","0","0","0","2"
"Cheikhou Kouyate","CRY","D,M","157","W (Sat)","LEE Sun 4:00AM","65","9.29","17%","-1.2%","7","1","0","1","0","2","5","1","0","0","0","176","75.9","6","0","7","29","1","17","0","0","11","1","0"
"Xherdan Shaqiri","LIV","M,F","158","FA","@MCI Mon 5:30AM","9.25","9.25","2%","+1.4%","1","0","0","1","1","0","1","1","0","0","0","12","92.3","2","0","0","0","0","0","0","0","0","0","0"
"Charlie Taylor","BUR","D","159","W (Mon)","BUR 0<br/>@BHA 0 F","64.75","9.25","20%","-1.6%","7","0","0","3","1","1","6","2","0","1","0","213","69.4","39","6","6","19","2","12","0","0","12","2","0"
"Ruben Neves","WOL","M","160","MKJ","@LEI Mon 3:00AM","64.5","9.21","55%","+3.8%","7","0","0","8","0","1","8","6","0","1","0","343","85.5","71","0","7","8","0","4","0","0","0","0","2"
"Joe Bryan","FUL","D,M","161","FA","@WHU Sun 9:00AM","46","9.2","23%","-3.6%","5","0","0","2","1","1","5","1","0","1","0","114","77.6","36","4","9","8","8","3","0","0","7","0","0"
"Bernardo Silva","MCI","M,F","162","BS420FC","LIV Mon 5:30AM","36.75","9.19","97%","-0.9%","4","0","0","1","0","1","3","2","0","0","0","182","91.0","58","0","2","1","6","2","0","0","0","0","2"
"Darnell Furlong","WBA","D","163","FA","TOT Mon 1:00AM","55","9.17","14%","-1.8%","6","0","0","4","1","1","4","3","0","1","0","116","64.1","28","7","10","10","2","19","0","0","12","1","0"
"Ethan Ampadu","SHU","D,M","164","FA","@CHE Sun 6:30AM","36.25","9.06","3%","+0.1%","4","0","0","1","0","0","2","0","0","0","0","94","75.8","23","0","6","16","3","5","0","0","1","0","0"
"Luke Shaw","MUN","D","165","FA","@EVE Sun 1:30AM","54.25","9.04","37%","+1.3%","6","0","0","5","0","1","5","4","0","2","0","278","82.5","87","3","5","11","9","9","0","1","13","1","0"
"Fikayo Tomori","CHE","D","166","FA","SHU Sun 6:30AM","9","9","1%","-0.1%","1","0","0","0","0","0","1","0","0","0","0","28","96.6","0","0","2","8","0","0","0","0","2","0","0"
"Callum Hudson-Odoi","CHE","F","167","FA","SHU Sun 6:30AM","36","9","25%","-0.4%","4","1","0","5","0","1","1","3","0","0","0","76","88.4","37","2","1","0","1","0","0","0","0","0","1"
"Jarrod Bowen","WHU","M","168","Joe","FUL Sun 9:00AM","62.75","8.96","95%","-0.5%","7","3","0","2","0","3","4","5","0","0","0","101","73.2","34","2","2","2","6","0","0","0","0","0","2"
"Seamus Coleman","EVE","D","169","FA","MUN Sun 1:30AM","44.75","8.95","49%","-2.4%","5","0","0","2","1","2","6","9","0","0","0","169","88.9","25","0","4","10","6","4","0","0","5","1","0"
"Karlan Grant","WBA","F","170","FA","TOT Mon 1:00AM","26.75","8.92","14%","-2.7%","3","1","0","2","0","2","0","3","0","0","0","30","76.9","13","0","0","5","1","3","0","0","0","0","0"
"James McArthur","CRY","M","171","Blkeburn","LEE Sun 4:00AM","44.5","8.9","21%","-1.9%","5","0","0","4","0","0","9","3","0","2","0","130","76.5","23","0","10","10","2","7","0","0","0","0","1"
"Joel Veltman","BHA","D","172","W (Mon)","BUR 0<br/>@BHA 0 F","35.25","8.81","2%","+0.1%","4","0","0","3","0","0","4","2","0","0","0","202","83.8","29","2","2","10","2","4","0","0","5","1","0"
"Tammy Abraham","CHE","F","173","Blkeburn","SHU Sun 6:30AM","52.75","8.79","87%","+14.5%","6","1","0","2","2","4","3","1","0","0","0","53","72.6","14","0","2","4","2","10","0","0","0","0","0"
"Ruben Dias","MCI","D","174","FA","LIV Mon 5:30AM","35","8.75","70%","+0.5%","4","0","0","0","0","0","0","0","0","1","0","298","93.1","16","0","3","15","1","10","0","0","2","2","0"
"Kyle Bartley","WBA","D","175","FA","TOT Mon 1:00AM","35","8.75","4%","0%","4","1","0","0","0","1","0","0","0","0","0","82","77.4","6","0","5","27","0","7","0","0","13","0","0"
"Victor Lindelof","MUN","D","176","FA","@EVE Sun 1:30AM","43.75","8.75","33%","+0.1%","5","0","0","1","0","0","2","1","0","0","0","314","92.4","29","0","6","22","2","8","0","0","7","1","0"
"Pascal Gross","BHA","M,F","177","W (Mon)","BUR 0<br/>@BHA 0 F","61","8.71","29%","+20.1%","7","0","0","9","1","1","3","1","0","0","0","168","86.6","64","7","1","2","1","3","0","0","0","0","1"
"Liam Cooper","LEE","D","178","FA","@CRY Sun 4:00AM","34.75","8.69","19%","+0.8%","4","0","0","0","0","0","5","0","0","0","0","231","85.9","11","0","7","13","1","16","0","0","8","1","0"
"Aymeric Laporte","MCI","D","179","FA","LIV Mon 5:30AM","17.25","8.62","90%","+4.1%","2","0","0","1","0","0","0","0","0","0","0","111","86.7","5","0","2","4","0","6","0","0","1","1","0"
"Toby Alderweireld","TOT","D","180","FA","@WBA Mon 1:00AM","34","8.5","43%","+3.1%","4","0","0","2","0","0","4","0","0","0","0","197","83.5","10","0","1","17","1","7","0","0","5","1","0"
"Robin Koch","LEE","D","181","FA","@CRY Sun 4:00AM","58.75","8.39","32%","-0.3%","7","0","0","0","0","1","8","0","1","0","0","391","86.7","21","0","15","17","1","25","0","0","13","2","0"
"Filip Krovinovic","WBA","M","182","FA","TOT Mon 1:00AM","33.5","8.38","3%","-0.1%","4","0","0","0","0","2","7","2","0","0","0","155","86.1","51","1","2","1","1","3","0","0","0","0","1"
"Harrison Reed","FUL","M","183","FA","@WHU Sun 9:00AM","33.5","8.38","2%","-0.1%","4","0","0","3","1","1","0","0","0","1","0","150","92.6","32","0","7","2","2","1","0","0","0","0","0"
"Thomas Partey","ARS","M","184","ratzzz","AVL Mon 8:15AM","25","8.33","77%","+4.3%","3","0","0","1","0","1","4","1","0","1","0","114","92.7","24","0","3","2","5","2","0","0","0","0","1"
"Christian Pulisic","CHE","M,F","185","STV","SHU Sun 6:30AM","25","8.33","100%","-0.1%","3","0","1","1","0","1","3","0","0","0","0","34","63.0","14","0","3","4","3","2","0","0","0","0","0"
"Yerry Mina","EVE","D","186","FA","MUN Sun 1:30AM","58","8.29","64%","-8.7%","7","1","0","0","0","2","3","1","1","1","0","442","92.3","10","0","11","28","0","20","0","0","11","1","0"
"Georginio Wijnaldum","LIV","M","187","Bantztas","@MCI Mon 5:30AM","58","8.29","49%","-1.2%","7","0","0","4","0","3","4","5","0","0","0","296","92.5","74","0","4","3","6","7","0","0","0","0","1"
"Ben White","BHA","D,M","188","W (Mon)","BUR 0<br/>@BHA 0 F","65.75","8.22","24%","+2.3%","8","0","0","1","0","0","11","3","0","1","0","372","82.5","59","1","16","10","5","17","0","0","10","2","0"
"Dan Burn","BHA","D","189","W (Mon)","BUR 0<br/>@BHA 0 F","41","8.2","17%","+0.1%","5","0","0","1","0","0","3","0","0","1","0","178","79.8","34","1","5","11","3","17","0","0","4","1","0"
"Caglar Soyuncu","LEI","D","190","WW69","WOL Mon 3:00AM","32.5","8.12","47%","-3.7%","4","0","0","2","0","0","4","0","0","1","0","240","87.9","18","0","7","12","0","10","0","0","7","1","0"
"Paul Pogba","MUN","M","191","248 SC","@EVE Sun 1:30AM","48.75","8.12","97%","-1.5%","6","0","0","2","0","2","6","15","0","0","0","187","80.3","67","0","4","3","10","9","0","0","0","0","0"
"John Lundstram","SHU","M","192","Bantztas","@CHE Sun 6:30AM","56.75","8.11","21%","-2.9%","7","0","0","11","0","3","3","2","0","3","0","192","82.8","72","3","4","2","5","4","1","0","0","0","0"
"Moussa Sissoko","TOT","M","193","FA","@WBA Mon 1:00AM","40.5","8.1","8%","+0.5%","5","0","0","2","0","0","5","2","0","0","0","197","90.8","36","0","10","4","3","2","0","0","0","0","1"
"Adam Lallana","BHA","M,F","194","248 SC","BUR 0<br/>@BHA 0 F","64.75","8.09","34%","+0.4%","8","0","0","9","0","0","0","5","0","0","0","186","84.9","90","1","5","6","8","4","0","0","0","0","1"
"Eric Dier","TOT","D,M","195","Bantztas","@WBA Mon 1:00AM","48","8","34%","+3%","6","0","0","0","0","0","0","0","0","0","0","357","89.0","18","0","6","29","0","17","0","0","6","1","0"
"Bernard","EVE","M,F","196","FA","MUN Sun 1:30AM","16","8","1%","-1.4%","2","0","0","3","0","0","0","2","0","1","0","50","90.9","20","1","3","1","3","0","0","0","0","0","0"
"Christian Fuchs","LEI","D","197","FA","WOL Mon 3:00AM","24","8","2%","+1.2%","3","0","0","0","0","0","3","0","0","1","0","87","78.4","12","0","4","11","0","4","0","0","2","1","0"
"Jacob Murphy","NEW","D,M","198","Blkeburn","NEW 0<br/>@SOU 2 F","31.75","7.94","6%","+0.7%","4","1","0","1","0","1","6","7","0","1","0","56","70.9","18","1","3","3","9","1","0","0","3","0","0"
"Allan","EVE","M","199","FA","MUN Sun 1:30AM","47.5","7.92","44%","-1.7%","6","0","0","3","0","1","13","5","0","2","0","272","88.9","38","0","7","6","5","1","0","0","0","0","1"
"Cengiz Under","LEI","M","200","BigUps","WOL Mon 3:00AM","23.5","7.83","40%","+5%","3","0","0","3","2","0","0","3","0","0","0","23","71.9","15","0","0","0","3","0","0","0","0","0","0"
"Moussa Djenepo","SOU","M","201","W (Mon)","NEW 0<br/>@SOU 2 F","39","7.8","9%","-0.1%","5","1","0","1","1","1","4","4","0","1","0","74","73.3","20","0","2","0","7","7","0","0","0","0","2"
"Conor Coady","WOL","D","202","STV","@LEI Mon 3:00AM","54.25","7.75","49%","+0.8%","7","0","0","1","0","0","7","1","0","1","0","305","86.9","19","0","7","16","1","8","0","0","8","4","0"
"Nampalys Mendy","LEI","M","203","FA","WOL Mon 3:00AM","53.75","7.68","10%","-0.1%","7","0","0","2","1","0","5","5","0","2","0","369","91.3","75","0","8","5","4","2","0","0","0","0","2"
"Eric Garcia","MCI","D","204","FA","LIV Mon 5:30AM","15.25","7.62","3%","-4.2%","2","0","0","1","0","0","4","0","0","0","0","190","95.5","25","0","3","5","0","2","0","0","6","0","0"
"Adam Webster","BHA","D","205","W (Mon)","BUR 0<br/>@BHA 0 F","59.25","7.41","13%","+2.2%","8","0","0","2","0","2","3","1","0","1","0","465","79.2","69","0","13","14","1","17","0","0","14","2","0"
"Erik Pieters","BUR","D,M","206","W (Mon)","BUR 0<br/>@BHA 0 F","14.75","7.38","2%","-0.2%","2","0","0","0","0","1","2","1","0","0","0","28","66.7","1","0","3","3","2","4","0","1","3","1","0"
"Ben Davies","TOT","D","207","FA","@WBA Mon 1:00AM","44.25","7.38","29%","-3.1%","6","0","0","2","1","0","3","0","0","0","0","177","80.1","37","5","2","8","1","8","0","0","4","1","0"
"Jairo Riedewald","CRY","D,M","208","FA","LEE Sun 4:00AM","36.75","7.35","3%","+0.5%","5","1","0","2","0","1","3","3","0","0","0","99","93.4","25","0","3","5","4","0","0","0","0","0","0"
"Giovani Lo Celso","TOT","M","209","BigUps","@WBA Mon 1:00AM","29.25","7.31","61%","-1.6%","4","0","0","6","0","4","1","3","0","1","0","87","80.6","28","0","0","0","2","4","0","0","0","0","0"
"Ivan Cavaleiro","FUL","M,F","210","FA","@WHU Sun 9:00AM","43.75","7.29","11%","-1.8%","6","0","0","8","0","0","1","6","0","1","0","116","77.9","40","2","6","1","10","3","0","0","0","0","0"
"Tyrick Mitchell","CRY","D","211","FA","LEE Sun 4:00AM","43.75","7.29","9%","-1.9%","6","0","0","0","1","1","13","1","0","1","0","129","76.3","39","1","4","14","0","1","0","0","9","1","0"
"Fabian Delph","EVE","M","212","FA","MUN Sun 1:30AM","21.75","7.25","1%","+0.6%","3","0","0","1","0","0","1","0","0","0","0","145","93.5","22","0","2","7","1","0","0","0","0","0","0"
"Miguel Almiron","NEW","M,F","213","W (Mon)","NEW 0<br/>@SOU 2 F","50.5","7.21","48%","-0.7%","7","0","0","7","1","0","6","6","1","1","0","132","85.2","48","2","5","3","7","0","0","0","0","0","0"
"Joel Ward","CRY","D","214","FA","LEE Sun 4:00AM","36","7.2","4%","-0.8%","5","0","0","1","0","0","3","2","1","2","0","82","69.5","24","0","8","21","1","10","0","0","8","1","0"
"Danny Welbeck","BHA","F","215","W (Mon)","BUR 0<br/>@BHA 0 F","14.25","7.12","4%","+1.5%","2","0","0","3","0","1","0","0","0","0","0","14","82.4","10","0","1","0","1","3","0","0","0","0","0"
"Nemanja Matic","MUN","M","216","FA","@EVE Sun 1:30AM","28.5","7.12","3%","-0.2%","4","0","0","2","1","2","2","2","0","1","0","123","87.9","30","0","3","0","2","3","0","0","0","0","0"
"Angelo Ogbonna","WHU","D","217","FA","FUL Sun 9:00AM","49.75","7.11","8%","+1.2%","7","0","0","1","0","1","3","1","0","1","0","197","80.1","15","0","6","28","0","13","0","0","10","2","0"
"Erik Lamela","TOT","M","218","FA","@WBA Mon 1:00AM","35.5","7.1","10%","+5.3%","5","0","1","3","1","3","1","2","0","1","0","55","79.7","21","0","3","1","6","3","0","0","0","0","0"
"James McCarthy","CRY","M","219","FA","LEE Sun 4:00AM","28.25","7.06","1%","-0.1%","4","0","0","1","0","0","6","0","0","1","0","81","66.4","14","0","5","7","2","6","0","0","0","0","1"
"Federico Fernandez","NEW","D","220","W (Mon)","NEW 0<br/>@SOU 2 F","56.5","7.06","9%","-0.5%","8","0","0","2","0","0","7","1","0","1","0","287","82.5","8","0","4","44","0","12","0","0","13","1","0"
"Chris Wood","BUR","F","221","MKJ","BUR 0<br/>@BHA 0 F","49.25","7.04","67%","-2.9%","7","1","0","1","0","6","1","10","0","0","0","77","60.2","28","0","0","4","0","36","0","0","0","0","0"
"James Maddison","LEI","M","222","BS420FC","WOL Mon 3:00AM","42","7","99%","-0.2%","6","1","1","3","2","1","1","7","0","1","0","87","90.6","33","2","1","0","3","0","0","0","0","0","0"
"Jack Stephens","SOU","D","223","W (Mon)","NEW 0<br/>@SOU 2 F","28","7","1%","-0.1%","4","0","0","2","0","1","8","0","0","1","0","187","75.7","20","0","3","9","0","6","0","0","9","1","0"
"Jeff Hendrick","NEW","M","224","W (Mon)","NEW 0<br/>@SOU 2 F","55.5","6.94","26%","-2.5%","8","1","0","1","1","1","2","4","0","0","0","211","81.5","31","0","10","5","4","9","0","0","0","0","1"
"John Fleck","SHU","M","225","FA","@CHE Sun 6:30AM","20.75","6.92","22%","-1.1%","3","0","0","3","0","0","3","2","0","0","0","47","74.6","28","0","2","1","2","0","0","0","0","0","0"
"Adama Traore","WOL","M,F","226","BCFC","@LEI Mon 3:00AM","47.75","6.82","93%","-2%","7","0","0","5","0","1","5","9","0","0","0","61","66.3","16","2","2","2","23","7","0","0","3","0","1"
"Callum Robinson","WBA","F","227","FA","TOT Mon 1:00AM","47.5","6.79","16%","-2.9%","7","2","0","2","1","3","1","7","0","0","0","55","70.5","31","1","0","1","2","7","0","0","0","0","0"
"Tosin Adarabioyo","FUL","D","228","FA","@WHU Sun 9:00AM","20.25","6.75","1%","0%","3","0","0","0","0","0","1","0","0","0","0","143","88.3","7","0","2","7","1","9","0","0","3","1","0"
"Gylfi Sigurdsson","EVE","M","229","248 SC","MUN Sun 1:30AM","47","6.71","61%","+3.6%","7","0","0","5","1","1","5","5","0","0","0","134","82.2","30","4","6","3","3","1","0","0","0","0","0"
"Ezgjan Alioski","LEE","M","230","FA","@CRY Sun 4:00AM","33.5","6.7","2%","-2%","5","0","0","4","0","2","2","2","0","0","0","64","83.1","20","1","2","2","1","5","0","0","0","1","0"
"Joseph Gomez","LIV","D","231","Bantztas","@MCI Mon 5:30AM","40","6.67","77%","-3.7%","6","0","0","1","0","0","2","3","0","0","0","438","89.8","28","0","4","25","4","21","0","0","13","0","0"
"Ashley Barnes","BUR","F","232","W (Mon)","BUR 0<br/>@BHA 0 F","33.25","6.65","13%","-0.7%","5","0","0","6","0","3","0","9","0","1","0","62","72.1","28","1","2","4","0","16","0","0","0","0","0"
"Ayoze Perez","LEI","M,F","233","248 SC","WOL Mon 3:00AM","26.25","6.56","41%","-4.5%","4","0","0","2","0","1","4","1","0","1","0","68","70.1","26","1","5","2","2","2","0","0","0","0","1"
"Curtis Jones","LIV","M","234","FA","@MCI Mon 5:30AM","19.5","6.5","8%","+5.7%","3","0","0","1","0","1","0","3","0","0","0","110","88.7","43","0","0","1","2","2","0","0","0","0","0"
"Ruben Loftus-Cheek","FUL","M,F","235","ratzzz","@WHU Sun 9:00AM","19.5","6.5","28%","-12.1%","3","0","0","1","0","1","2","4","0","0","0","92","88.5","30","0","0","1","4","2","0","0","0","0","0"
"Nathan Ake","MCI","D","236","248 SC","LIV Mon 5:30AM","26","6.5","62%","-4.9%","4","1","0","1","0","1","1","0","0","2","0","224","93.7","38","0","2","3","0","7","0","0","6","1","0"
"Jamaal Lascelles","NEW","D","237","W (Mon)","NEW 0<br/>@SOU 2 F","44.5","6.36","6%","-0.1%","7","0","0","0","0","0","3","0","0","1","0","221","84.0","12","0","6","32","2","15","0","0","12","1","0"
"Virgil van Dijk","LIV","D","238","W (Sun)","@MCI Mon 5:30AM","31.75","6.35","51%","-4%","5","1","0","0","0","2","2","0","1","1","0","307","90.0","27","0","5","8","0","12","0","0","11","1","0"
"Fernandinho","MCI","D,M","239","Bantztas","LIV Mon 5:30AM","25","6.25","21%","-1.2%","4","0","0","0","0","1","3","0","0","0","0","152","87.9","44","0","2","4","1","4","0","0","0","0","0"
"Tanguy Ndombele","TOT","M","240","FA","@WBA Mon 1:00AM","43.5","6.21","37%","-3.2%","7","1","0","2","0","1","3","7","0","2","0","186","83.4","50","0","3","3","11","1","0","0","0","0","1"
"Ben Osborn","SHU","M","241","FA","@CHE Sun 6:30AM","31","6.2","1%","+0.1%","5","0","0","3","0","1","3","6","0","0","0","102","73.9","44","3","1","3","2","2","0","0","0","0","0"
"Ilkay Gundogan","MCI","M","242","FA","LIV Mon 5:30AM","18.5","6.17","28%","-6.1%","3","0","0","2","0","0","0","0","0","0","0","128","95.5","31","0","2","1","0","2","0","0","0","0","0"
"Daniel James","MUN","M","243","FA","@EVE Sun 1:30AM","18.5","6.17","6%","-2.1%","3","0","0","3","0","1","2","0","0","1","0","72","90.0","32","0","0","1","1","0","0","0","0","0","0"
"Phil Bardsley","BUR","D","244","W (Mon)","BUR 0<br/>@BHA 0 F","18.5","6.17","2%","-0.1%","3","0","0","0","0","0","5","1","0","2","0","70","64.8","14","2","6","10","3","7","0","0","8","0","0"
"Nathan Redmond","SOU","M,F","245","W (Mon)","NEW 0<br/>@SOU 2 F","30.75","6.15","57%","-4.3%","5","0","0","2","0","1","6","7","0","0","0","98","76.0","45","0","0","0","8","0","0","0","0","0","1"
"Ferran Torres","MCI","F","246","FA","LIV Mon 5:30AM","24.5","6.12","74%","+9.1%","4","0","0","2","1","4","0","5","0","0","0","38","84.4","17","0","0","0","3","2","0","0","0","0","0"
"Michy Batshuayi","CRY","F","247","FA","LEE Sun 4:00AM","30.5","6.1","36%","-3.7%","5","0","0","1","2","2","1","7","0","0","0","33","64.7","8","0","4","4","3","3","0","0","0","0","0"
"Jamal Lewis","NEW","D","248","W (Mon)","NEW 0<br/>@SOU 2 F","47.75","5.97","11%","+0.1%","8","0","0","7","0","0","11","7","0","3","0","180","77.6","29","9","4","12","6","6","0","0","12","1","0"
"Isaac Hayden","NEW","M","249","W (Mon)","NEW 0<br/>@SOU 2 F","35.75","5.96","2%","-0.1%","6","0","0","2","0","1","6","4","0","2","0","160","81.6","21","0","8","8","1","12","0","0","1","0","1"
"Oliver Norwood","SHU","M","250","FA","@CHE Sun 6:30AM","23.5","5.88","20%","-1%","4","0","0","3","0","0","1","2","0","0","0","127","86.4","29","0","3","3","0","3","0","0","0","0","0"
"Naby Keita","LIV","M","251","FA","@MCI Mon 5:30AM","23.5","5.88","39%","-2.3%","4","0","0","1","0","0","0","7","0","0","0","137","92.6","45","0","3","2","4","2","0","0","0","0","1"
"Dale Stephens","BUR","M","252","W (Mon)","BUR 0<br/>@BHA 0 F","17.5","5.83","1%","+0.1%","3","0","0","0","0","0","4","4","0","0","0","78","83.0","14","0","6","1","1","5","0","0","0","0","0"
"Manuel Lanzini","WHU","M","253","FA","FUL Sun 9:00AM","11.5","5.75","8%","-0.6%","2","1","0","1","0","1","1","1","0","1","0","9","75.0","2","0","0","0","0","1","0","0","0","0","0"
"Niels Nkounkou","EVE","D","254","FA","MUN Sun 1:30AM","5.75","5.75","2%","-2.5%","1","0","0","0","0","0","3","1","0","1","0","21","91.3","5","1","0","4","1","0","0","0","1","0","0"
"Jack O'Connell","SHU","D","255","FA","@CHE Sun 6:30AM","11.5","5.75","20%","-0.7%","2","0","0","0","0","0","1","0","0","0","0","55","71.4","8","0","2","7","0","5","0","0","3","0","0"
"Granit Xhaka","ARS","M","256","WW69","AVL Mon 8:15AM","34","5.67","10%","-1%","6","0","0","1","0","0","4","5","0","1","0","314","89.0","55","0","3","8","0","4","0","0","1","0","1"
"Johann Gudmundsson","BUR","M","257","W (Mon)","BUR 0<br/>@BHA 0 F","17","5.67","17%","-2.9%","3","0","0","1","0","2","0","0","0","0","0","45","73.8","10","1","2","0","2","3","0","0","0","0","1"
"Dara O'Shea","WBA","D","258","FA","TOT Mon 1:00AM","22.5","5.62","1%","0%","4","0","0","1","0","0","5","2","0","0","0","101","74.3","12","0","7","14","2","7","0","0","13","0","0"
"Andy Carroll","NEW","F","259","W (Mon)","NEW 0<br/>@SOU 2 F","33.75","5.62","4%","-0.6%","6","0","0","1","1","0","0","2","0","0","0","35","60.3","18","0","0","9","1","24","0","0","0","0","0"
"Alexis Mac Allister","BHA","M","260","W (Mon)","BUR 0<br/>@BHA 0 F","16.75","5.58","3%","-0.7%","3","1","0","0","0","1","2","2","0","0","0","13","81.3","5","0","1","0","2","1","0","0","0","0","0"
"Lucas Moura","TOT","F","261","FA","@WBA Mon 1:00AM","33.5","5.58","69%","-4.8%","6","1","0","2","0","3","0","10","0","0","0","88","74.6","33","0","3","1","3","5","0","0","0","0","0"
"Bobby De Cordova-Reid","FUL","M,F","262","FA","@WHU Sun 9:00AM","33.5","5.58","3%","+1.7%","6","2","0","0","0","3","3","2","0","2","0","70","76.1","18","1","2","0","4","0","0","0","0","0","1"
"Jonny Evans","LEI","D","263","FA","WOL Mon 3:00AM","22.25","5.56","47%","-3.1%","4","0","0","0","0","0","3","0","0","3","0","187","86.2","9","0","8","11","0","12","0","0","5","1","0"
"David Luiz","ARS","D","264","FA","AVL Mon 8:15AM","27.25","5.45","18%","-0.6%","5","0","0","0","0","0","3","0","0","0","0","228","84.4","21","0","4","15","2","6","0","0","5","0","0"
"Mario Lemina","FUL","M","265","FA","@WHU Sun 9:00AM","21.75","5.44","1%","+0.1%","4","0","0","1","0","0","4","5","0","0","0","94","81.0","21","0","3","2","4","4","0","0","0","0","0"
"Davinson Sanchez","TOT","D","266","FA","@WBA Mon 1:00AM","21.75","5.44","9%","-2.1%","4","0","0","0","0","0","3","0","0","0","0","217","84.4","3","0","3","18","0","12","0","1","7","0","0"
"Marcos Alonso","CHE","D","267","FA","SHU Sun 6:30AM","16.25","5.42","29%","-1.9%","3","0","0","2","0","0","1","1","0","1","0","122","82.4","19","0","5","8","1","4","0","0","6","0","0"
"Pascal Struijk","LEE","D","268","FA","@CRY Sun 4:00AM","16.25","5.42","1%","-0.4%","3","0","0","0","0","0","2","0","0","1","0","108","89.3","9","0","4","14","1","2","0","0","5","0","0"
"Javier Manquillo","NEW","D,M","269","W (Mon)","NEW 0<br/>@SOU 2 F","21.5","5.38","2%","-0.6%","4","0","0","1","0","0","5","4","0","1","0","88","78.6","22","3","3","5","0","4","0","0","5","1","0"
"Ben Godfrey","EVE","D,M","270","FA","MUN Sun 1:30AM","10.75","5.38","6%","-4.6%","2","0","0","1","0","0","1","1","0","0","0","47","81.0","5","0","0","5","3","4","0","0","3","0","0"
"Andre Gomes","EVE","M","271","FA","MUN Sun 1:30AM","26.75","5.35","5%","-0.6%","5","0","0","3","0","0","5","8","0","1","0","183","87.1","40","0","0","3","3","3","0","0","0","0","1"
"Jake Livermore","WBA","M","272","FA","TOT Mon 1:00AM","36.5","5.21","1%","0%","7","0","0","3","0","0","11","3","0","2","0","148","76.3","24","1","8","6","1","6","0","1","0","0","1"
"Alex Iwobi","EVE","M,F","273","FA","MUN Sun 1:30AM","31.25","5.21","4%","-4.1%","6","0","1","2","2","0","3","6","0","0","0","54","77.1","18","0","4","2","1","0","0","0","0","0","0"
"Joao Moutinho","WOL","M","274","Blkeburn","@LEI Mon 3:00AM","36.25","5.18","62%","-5.6%","7","0","0","7","0","0","5","2","0","1","0","182","88.3","28","0","6","2","0","1","0","0","0","0","2"
"Robbie Brady","BUR","M","275","W (Mon)","BUR 0<br/>@BHA 0 F","20.5","5.12","1%","+0.2%","4","0","0","0","0","1","5","1","0","0","0","41","70.7","13","0","3","4","1","3","0","0","0","0","1"
"Eberechi Eze","CRY","M","276","FA","LEE Sun 4:00AM","30.75","5.12","45%","-1.4%","6","0","0","2","0","1","3","6","0","0","0","95","83.3","40","1","3","0","9","0","0","0","0","0","0"
"Sergio Aguero","MCI","F","277","WW69","LIV Mon 5:30AM","10.25","5.12","100%","+0.1%","2","0","0","3","0","0","0","1","0","0","0","28","75.7","15","0","0","0","0","1","0","0","0","0","0"
"Kevin Long","BUR","D","278","W (Mon)","BUR 0<br/>@BHA 0 F","30.75","5.12","2%","0%","6","0","0","1","0","0","6","0","0","2","0","157","71.7","9","0","5","20","0","15","0","0","12","1","0"
"Fred","MUN","M","279","splitt1n","@EVE Sun 1:30AM","25.5","5.1","6%","+0.1%","5","0","0","1","0","0","4","2","0","2","0","203","86.4","31","0","5","3","5","0","0","0","0","0","1"
"Kelechi Iheanacho","LEI","F","280","FA","WOL Mon 3:00AM","15.25","5.08","6%","-1.2%","3","0","0","3","0","1","0","0","0","0","0","27","93.1","13","0","0","1","2","1","0","0","0","0","0"
"Aaron Connolly","BHA","F","281","W (Mon)","BUR 0<br/>@BHA 0 F","30.5","5.08","9%","-0.6%","6","1","0","3","1","2","2","3","0","0","0","21","72.4","11","0","0","0","1","2","0","0","0","0","0"
"Gary Cahill","CRY","D","282","FA","LEE Sun 4:00AM","5","5","2%","0%","1","0","0","0","0","0","0","0","0","0","0","26","81.3","0","0","0","4","0","4","0","0","1","0","0"
"Keinan Davis","AVL","F","283","FA","@ARS Mon 8:15AM","5","5","0%","0%","1","0","0","1","0","0","0","1","0","0","0","11","84.6","7","0","0","1","0","1","0","0","0","0","0"
"David McGoldrick","SHU","F","284","FA","@CHE Sun 6:30AM","34","4.86","4%","-0.3%","7","1","0","2","0","1","0","5","0","0","0","86","74.1","33","0","0","3","4","10","0","0","0","0","0"
"Jamie Shackleton","LEE","M","285","FA","@CRY Sun 4:00AM","14.5","4.83","1%","+0.1%","3","0","0","1","0","0","2","0","0","0","0","36","83.7","11","1","3","1","1","0","0","0","0","0","1"
"Jordan Ayew","CRY","M,F","286","FA","LEE Sun 4:00AM","24","4.8","44%","-1.6%","5","0","0","0","1","3","3","21","0","0","0","50","78.1","11","0","3","3","7","6","0","0","0","0","0"
"Mason Greenwood","MUN","M,F","287","MKJ","@EVE Sun 1:30AM","24","4.8","91%","-0.9%","5","0","0","2","0","2","1","4","0","1","0","83","83.0","29","1","2","0","8","0","0","0","0","0","0"
"Pablo Hernandez","LEE","M","288","FA","@CRY Sun 4:00AM","19","4.75","35%","-0.6%","4","0","0","1","0","0","2","1","0","0","0","107","76.4","45","0","0","0","2","0","0","0","0","0","0"
"Tim Ream","FUL","D","289","FA","@WHU Sun 9:00AM","23.5","4.7","1%","-0.2%","5","0","0","0","0","0","3","0","0","0","0","289","91.2","14","0","4","17","1","10","0","0","10","0","0"
"Issa Diop","WHU","D","290","FA","FUL Sun 9:00AM","9.25","4.62","2%","-0.2%","2","0","0","0","0","0","1","0","0","0","0","90","86.5","5","0","3","7","0","2","0","0","4","0","0"
"Joelinton","NEW","M,F","291","W (Mon)","NEW 0<br/>@SOU 2 F","32","4.57","11%","-1%","7","0","0","3","0","2","5","7","0","2","0","94","79.7","30","0","1","6","4","13","0","0","0","0","0"
"John Egan","SHU","D","292","FA","@CHE Sun 6:30AM","27.25","4.54","30%","-2%","6","0","0","0","0","0","3","0","0","1","1","156","83.4","21","0","6","24","0","14","0","0","8","0","0"
"Denis Odoi","FUL","D","293","FA","@WHU Sun 9:00AM","13.5","4.5","1%","0%","3","0","0","1","0","1","3","2","0","1","0","139","82.7","22","1","5","5","1","6","0","0","10","0","0"
"Nathaniel Clyne","CRY","D","294","FA","LEE Sun 4:00AM","8.75","4.38","5%","-1.3%","2","0","0","1","0","0","0","0","0","0","0","74","82.2","7","1","4","1","1","0","0","0","2","0","0"
"Ryan Fraser","NEW","M,F","295","STV","NEW 0<br/>@SOU 2 F","21.25","4.25","26%","-2.7%","5","0","0","0","2","0","0","2","0","0","0","44","77.2","15","1","3","2","0","0","0","0","0","0","0"
"Sam Field","WBA","M","296","FA","TOT Mon 1:00AM","12.75","4.25","0%","0%","3","0","0","0","0","0","5","1","0","0","0","15","62.5","2","0","2","3","1","3","0","0","0","0","0"
"Daniel Amartey","LEI","D","297","FA","WOL Mon 3:00AM","8.5","4.25","1%","0%","2","0","0","0","0","0","1","1","0","1","0","62","86.1","4","0","3","7","1","6","0","0","4","0","0"
"Billy Sharp","SHU","F","298","FA","@CHE Sun 6:30AM","17","4.25","1%","0%","4","1","0","0","0","2","0","3","0","0","0","19","76.0","9","0","0","0","1","4","0","0","0","0","0"
"Alireza Jahanbakhsh","BHA","F","299","W (Mon)","BUR 0<br/>@BHA 0 F","16.5","4.12","1%","0%","4","0","0","3","1","0","1","0","0","1","0","25","78.1","13","2","0","0","1","0","0","0","0","0","0"
"Patrick van Aanholt","CRY","D","300","ratzzz","LEE Sun 4:00AM","8.25","4.12","49%","-1%","2","0","0","1","0","1","0","0","0","1","0","66","90.4","21","1","1","2","1","0","0","0","3","0","0"
"Harry Winks","TOT","M","301","FA","@WBA Mon 1:00AM","16.5","4.12","2%","-0.5%","4","0","0","1","0","0","3","2","0","1","0","184","87.6","29","0","0","3","0","2","0","0","0","0","0"
"Luka Milivojevic","CRY","M","302","FA","LEE Sun 4:00AM","24.5","4.08","21%","-3.6%","6","0","0","3","0","0","0","1","0","0","1","152","88.9","25","2","4","6","2","5","0","0","0","0","0"
"Romaine Sawyers","WBA","M","303","FA","TOT Mon 1:00AM","24","4","1%","0%","6","0","0","3","0","0","0","3","0","1","0","137","85.6","22","0","8","4","0","5","0","0","0","0","0"
"Steven Bergwijn","TOT","M,F","304","FA","@WBA Mon 1:00AM","16","4","30%","-3%","4","0","0","2","0","1","1","3","0","0","0","60","92.3","24","0","1","0","2","1","0","0","0","0","0"
"Sebastien Haller","WHU","F","305","FA","FUL Sun 9:00AM","23.75","3.96","47%","+3.7%","6","1","0","1","0","2","0","0","0","0","0","23","60.5","9","0","0","1","0","11","0","0","0","0","0"
"Donny van de Beek","MUN","M","306","Bantztas","@EVE Sun 1:30AM","19.75","3.95","79%","-2.4%","5","1","0","1","0","1","1","3","0","0","0","50","83.3","21","0","0","0","1","0","0","0","0","0","0"
"Josh Onomah","FUL","M","307","FA","@WHU Sun 9:00AM","7.75","3.88","1%","+0.1%","2","0","0","0","0","0","3","4","0","0","0","39","84.8","18","0","0","0","1","1","0","0","0","0","0"
"Dele Alli","TOT","M,F","308","FA","@WBA Mon 1:00AM","7.75","3.88","45%","-7%","2","0","0","1","0","1","1","1","0","0","0","32","82.1","5","0","0","1","0","1","0","0","0","0","0"
"Ki-Jana Hoever","WOL","D","309","FA","@LEI Mon 3:00AM","7.75","3.88","1%","-0.1%","2","0","0","1","0","0","0","1","0","0","0","15","78.9","3","1","1","4","0","1","0","0","1","0","0"
"Islam Slimani","LEI","F","310","FA","WOL Mon 3:00AM","3.75","3.75","0%","0%","1","0","0","1","0","0","0","0","0","0","0","6","66.7","3","0","0","0","0","2","0","0","0","0","0"
"Sead Kolasinac","ARS","D","311","FA","AVL Mon 8:15AM","3.75","3.75","1%","-0.1%","1","0","0","0","0","0","0","0","0","0","0","54","87.1","11","0","1","0","0","2","0","0","1","0","0"
"Lewis Dunk","BHA","D","312","248 SC","BUR 0<br/>@BHA 0 F","18.75","3.75","32%","-1.9%","5","0","0","1","0","0","2","0","0","1","1","309","90.9","23","0","4","16","1","10","0","1","11","1","0"
"Nicolas Pepe","ARS","F","313","Bantztas","AVL Mon 8:15AM","22.25","3.71","74%","-2.6%","6","1","0","1","0","2","0","3","0","0","0","40","74.1","13","0","1","0","3","3","0","0","0","0","0"
"Marc Albrighton","LEI","M","314","FA","WOL Mon 3:00AM","14.75","3.69","2%","+1.6%","4","0","0","2","0","0","2","1","0","0","0","24","61.5","10","1","2","3","0","1","0","0","0","0","0"
"Tom Davies","EVE","M","315","FA","MUN Sun 1:30AM","10.75","3.58","1%","0%","3","0","0","0","0","0","2","1","0","0","0","46","79.3","5","0","7","0","0","0","0","0","0","0","0"
"Ian Poveda-Ocampo","LEE","F","316","FA","@CRY Sun 4:00AM","13.75","3.44","1%","+0.1%","4","0","0","1","0","1","2","3","0","0","0","27","67.5","16","1","0","0","4","0","0","0","0","0","0"
"Andreas Christensen","CHE","D","317","FA","SHU Sun 6:30AM","13","3.25","3%","-0.9%","4","0","0","0","0","0","2","1","0","1","1","245","90.4","12","0","7","14","0","9","0","0","7","0","0"
"Jonjoe Kenny","EVE","D","318","FA","MUN Sun 1:30AM","3.25","3.25","2%","+1.1%","1","0","0","0","0","0","1","0","0","0","0","29","82.9","5","1","0","1","0","0","0","0","1","0","0"
"Sean Longstaff","NEW","M","319","W (Mon)","NEW 0<br/>@SOU 2 F","16.25","3.25","2%","+1%","5","0","0","3","0","2","1","1","1","1","0","66","82.5","18","0","0","2","1","2","0","0","0","0","0"
"Ainsley Maitland-Niles","ARS","D,M","320","Bantztas","AVL Mon 8:15AM","12.5","3.12","9%","-1.3%","4","0","0","0","0","0","2","1","0","0","0","49","71.0","8","0","4","2","1","0","0","0","0","0","1"
"Rhian Brewster","SHU","F","321","FA","@CHE Sun 6:30AM","9.25","3.08","33%","-3.9%","3","0","0","2","0","1","0","3","0","0","0","23","79.3","8","0","1","0","0","3","0","0","0","0","0"
"Mateo Kovacic","CHE","M","322","FA","SHU Sun 6:30AM","9.25","3.08","22%","-1.7%","3","0","0","0","0","0","0","0","0","0","0","122","93.1","16","0","1","0","1","1","0","0","0","0","0"
"Marcal","WOL","D","323","FA","@LEI Mon 3:00AM","12.25","3.06","13%","-3.1%","4","0","0","1","0","0","1","0","0","1","0","43","81.1","5","0","2","3","3","6","0","0","1","0","1"
"Mamadou Sakho","CRY","D","324","FA","LEE Sun 4:00AM","12","3","1%","0%","4","0","0","0","0","0","2","1","0","0","0","81","88.0","8","0","3","11","0","5","0","0","8","0","0"
"Eddie Nketiah","ARS","F","325","FA","AVL Mon 8:15AM","21","3","11%","-1.1%","7","1","0","0","0","2","0","1","0","0","0","22","78.6","6","0","0","3","3","2","0","0","0","0","0"
"Vitinha","WOL","M","326","FA","@LEI Mon 3:00AM","6","3","0%","0%","2","0","0","1","0","0","0","0","0","0","0","27","93.1","6","0","0","0","2","0","0","0","0","0","0"
"Hal Robson-Kanu","WBA","F","327","FA","TOT Mon 1:00AM","9","3","1%","0%","3","0","0","1","0","1","0","2","0","0","0","5","55.6","2","0","0","4","1","1","0","0","0","0","0"
"Fabian Schar","NEW","D","328","W (Mon)","NEW 0<br/>@SOU 2 F","14.5","2.9","1%","+0.1%","5","0","0","0","0","0","2","2","0","0","0","156","81.3","16","0","8","7","1","1","0","0","7","0","0"
"Anthony Martial","MUN","F","329","splitt1n","@EVE Sun 1:30AM","8.5","2.83","98%","+0.3%","3","0","0","0","1","0","0","6","0","0","1","53","84.1","31","0","0","1","2","2","0","0","0","0","0"
"Tyler Roberts","LEE","M,F","330","FA","@CRY Sun 4:00AM","14","2.8","1%","-0.1%","5","0","0","2","0","1","1","3","0","0","0","41","64.1","16","0","0","0","2","4","0","0","0","0","0"
"Rekeem Harper","WBA","M","331","FA","TOT Mon 1:00AM","2.75","2.75","0%","0%","1","0","0","0","0","0","0","0","0","0","0","10","76.9","2","0","1","0","1","0","0","0","0","0","0"
"Anthony Gordon","EVE","M,F","332","FA","MUN Sun 1:30AM","2.75","2.75","0%","-0.1%","1","0","0","0","0","0","1","0","0","0","0","9","90.0","3","0","0","0","1","0","0","0","0","0","0"
"Matthew Longstaff","NEW","M","333","W (Mon)","NEW 0<br/>@SOU 2 F","2.75","2.75","0%","0%","1","0","0","0","0","0","0","0","0","0","0","10","66.7","4","0","1","0","0","1","0","0","0","0","0"
"Shkodran Mustafi","ARS","D","334","FA","AVL Mon 8:15AM","5.25","2.62","2%","-1%","2","0","0","0","0","0","1","0","0","0","0","43","87.8","3","0","0","3","0","3","0","0","1","0","0"
"Oliver Burke","SHU","M,F","335","FA","@CHE Sun 6:30AM","10.5","2.62","1%","-0.1%","4","0","0","3","0","0","0","5","0","0","0","22","59.5","9","0","0","0","2","5","0","0","0","0","0"
"William Smallbone","SOU","M","336","W (Mon)","NEW 0<br/>@SOU 2 F","5","2.5","1%","0%","2","0","0","0","0","0","1","1","0","0","0","37","88.1","7","0","2","0","0","0","0","0","0","0","0"
"Cenk Tosun","EVE","F","337","FA","MUN Sun 1:30AM","2.5","2.5","1%","-0.1%","1","0","0","1","0","0","0","0","0","0","0","2","50.0","2","0","0","0","0","0","0","0","0","0","0"
"Ahmed El Mohamady","AVL","D","338","FA","@ARS Mon 8:15AM","5","2.5","0%","0%","2","0","0","1","0","0","0","0","0","0","0","20","87.0","6","1","0","0","0","1","0","0","0","0","0"
"James Milner","LIV","M","339","FA","@MCI Mon 5:30AM","12.5","2.5","2%","-0.8%","5","0","0","1","0","0","1","1","0","0","0","72","93.5","26","1","0","1","0","0","0","0","0","0","0"
"Max Lowe","SHU","D","340","FA","@CHE Sun 6:30AM","5","2.5","1%","+0.2%","2","0","0","0","0","0","3","1","0","0","0","19","79.2","8","0","0","1","0","1","0","0","1","0","0"
"Kyle Edwards","WBA","M,F","341","FA","TOT Mon 1:00AM","10","2.5","0%","0%","4","0","0","1","0","1","2","0","0","0","0","28","90.3","8","0","1","0","1","0","0","0","0","0","0"
"Benjamin Mendy","MCI","D","342","BCFC","LIV Mon 5:30AM","7.5","2.5","39%","-2.7%","3","0","0","1","0","0","3","2","0","2","0","113","79.0","28","1","1","3","3","3","0","0","7","0","0"
"Jay Rodriguez","BUR","F","343","W (Mon)","BUR 0<br/>@BHA 0 F","12","2.4","13%","-0.9%","5","0","0","2","0","0","1","1","0","1","0","25","78.1","8","0","0","3","3","5","0","0","0","0","0"
"Semi Ajayi","WBA","D","344","FA","TOT Mon 1:00AM","13","2.17","4%","0%","6","0","0","0","0","0","1","2","0","1","0","188","80.7","12","0","4","19","1","10","0","0","16","0","0"
"Matej Vydra","BUR","F","345","W (Mon)","BUR 0<br/>@BHA 0 F","10.75","2.15","0%","0%","5","0","0","2","0","0","0","4","0","0","0","15","68.2","5","1","3","0","2","3","0","0","0","0","0"
"Neeskens Kebano","FUL","M","346","FA","@WHU Sun 9:00AM","8.5","2.12","2%","-0.1%","4","0","0","1","0","0","0","1","0","0","0","32","88.9","15","0","0","0","3","0","0","0","0","0","0"
"Ben Johnson","WHU","D","347","FA","FUL Sun 9:00AM","2","2","0%","0%","1","0","0","0","0","0","0","0","0","0","0","11","84.6","4","0","1","0","0","0","0","0","0","0","0"
"John Stones","MCI","D","348","FA","LIV Mon 5:30AM","1.75","1.75","2%","-0.2%","1","0","0","0","0","0","0","0","0","0","0","68","90.7","1","0","0","2","0","1","0","0","1","0","0"
"Mark Noble","WHU","M","349","FA","FUL Sun 9:00AM","5.25","1.75","5%","-0.5%","3","0","0","1","0","0","0","1","0","0","0","44","88.0","12","0","0","0","0","0","0","0","0","0","0"
"Takumi Minamino","LIV","F","350","FA","@MCI Mon 5:30AM","6.75","1.69","6%","-0.5%","4","0","0","0","0","0","1","2","0","0","0","19","61.3","6","0","1","0","3","2","0","0","0","0","0"
"Aboubakar Kamara","FUL","F","351","FA","@WHU Sun 9:00AM","8","1.6","1%","+0.1%","5","0","0","3","0","1","1","7","0","1","1","62","79.5","24","1","1","0","2","3","0","0","0","0","0"
"Joel Matip","LIV","D","352","FA","@MCI Mon 5:30AM","3","1.5","35%","-2.2%","2","0","0","0","0","1","0","1","0","0","0","43","79.6","4","0","0","1","0","3","0","0","2","0","0"
"Hamza Choudhury","LEI","M","353","FA","WOL Mon 3:00AM","3","1.5","1%","0%","2","0","0","0","0","0","1","0","0","0","0","13","65.0","6","0","0","0","0","1","0","0","0","0","0"
"Andriy Yarmolenko","WHU","M,F","354","FA","FUL Sun 9:00AM","7","1.4","6%","+1.2%","5","0","0","1","0","1","1","3","0","1","0","33","78.6","15","1","0","0","1","1","0","0","0","0","0"
"Nathan Tella","SOU","M,F","355","W (Mon)","NEW 0<br/>@SOU 2 F","4","1.33","0%","0%","3","0","0","0","0","0","1","1","0","0","0","12","80.0","6","0","0","1","1","0","0","0","0","0","0"
"Bertrand Traore","AVL","M,F","356","FA","@ARS Mon 8:15AM","6.5","1.3","16%","-1.9%","5","0","0","0","0","1","0","2","0","0","0","24","85.7","6","0","1","0","2","2","0","0","0","0","0"
"Matt Phillips","WBA","M","357","FA","TOT Mon 1:00AM","6","1.2","2%","0%","5","0","0","2","0","0","1","2","0","1","0","11","52.4","4","1","0","1","1","2","0","0","0","0","0"
"Fabio Silva","WOL","F","358","FA","@LEI Mon 3:00AM","3.25","1.08","6%","-0.6%","3","0","0","1","0","0","0","3","0","0","0","19","95.0","4","0","1","0","0","1","0","0","0","0","0"
"Bernardo","BHA","D","359","W (Mon)","BUR 0<br/>@BHA 0 F","1","1","1%","+0.2%","1","0","0","0","0","0","1","1","0","0","0","9","69.2","2","0","0","1","0","0","0","0","1","0","0"
"Said Benrahma","WHU","F","360","Joe","FUL Sun 9:00AM","1","1","53%","-1.8%","1","0","0","0","0","0","1","0","0","0","0","2","66.7","0","0","0","0","0","0","0","0","0","0","0"
"Jacob Ramsey","AVL","M","361","FA","@ARS Mon 8:15AM","1","1","0%","0%","1","0","0","0","0","0","1","0","0","0","0","4","100.0","0","0","0","0","0","0","0","0","0","0","0"
"Michael Hector","FUL","D","362","FA","@WHU Sun 9:00AM","2.5","0.83","1%","-0.1%","3","0","0","1","0","0","2","0","0","1","0","145","81.9","12","0","0","4","2","5","0","0","10","0","0"
"Oleksandr Zinchenko","MCI","D","363","FA","LIV Mon 5:30AM","0.75","0.75","7%","-1.9%","1","0","0","0","0","0","0","0","0","0","0","7","100.0","3","0","0","0","0","0","0","0","0","0","0"
"Edinson Cavani","MUN","F","364","248 SC","@EVE Sun 1:30AM","1.5","0.75","78%","-4%","2","0","0","0","0","0","0","0","0","0","0","2","40.0","2","0","0","1","0","0","0","0","0","0","0"
"Christian Benteke","CRY","F","365","FA","LEE Sun 4:00AM","2.25","0.75","11%","-0.4%","3","0","0","0","0","0","0","0","0","0","0","1","25.0","1","0","0","0","0","4","0","0","0","0","0"
"Olivier Giroud","CHE","F","366","FA","SHU Sun 6:30AM","1.5","0.75","12%","-0.4%","2","0","0","0","0","0","0","0","0","0","0","8","57.1","4","0","0","0","0","1","0","0","0","0","0"
"Shane Long","SOU","F","367","W (Mon)","NEW 0<br/>@SOU 2 F","3.75","0.62","7%","+5.1%","6","0","0","0","0","0","1","3","0","0","0","6","31.6","1","0","1","0","0","6","0","0","0","0","0"
"Maxime Le Marchand","FUL","D","368","FA","@WHU Sun 9:00AM","1.25","0.62","0%","0%","2","0","0","0","0","0","2","0","0","2","0","78","91.8","7","0","0","3","0","3","0","0","1","0","0"
"Raphinha","LEE","F","369","MKJ","@CRY Sun 4:00AM","1","0.5","24%","-7.2%","2","0","0","0","0","0","0","0","0","0","0","10","83.3","4","0","0","0","0","0","0","0","0","0","0"
"Wes Morgan","LEI","D","370","FA","WOL Mon 3:00AM","1","0.5","1%","+0.1%","2","0","0","0","0","0","0","0","0","0","0","1","100.0","0","0","0","1","0","0","0","0","0","0","0"
"Liam Delap","MCI","F","371","FA","LIV Mon 5:30AM","0.25","0.25","0%","-0.5%","1","0","0","0","0","0","0","1","0","0","0","5","83.3","1","0","0","0","0","1","0","0","0","0","0"
"Robert Snodgrass","WHU","M","372","FA","FUL Sun 9:00AM","0.25","0.25","4%","-0.2%","1","0","0","0","0","0","0","0","0","0","0","2","100.0","1","0","0","0","0","0","0","0","0","0","0"
"Ibrahima Diallo","SOU","M","373","W (Mon)","NEW 0<br/>@SOU 2 F","0.5","0.17","1%","-0.1%","3","0","0","1","0","0","0","1","0","1","0","17","85.0","3","0","0","1","0","0","0","0","0","0","0"
"Marvelous Nakamba","AVL","M","374","FA","@ARS Mon 8:15AM","0.25","0.12","1%","0%","2","0","0","0","0","1","1","0","0","1","0","9","90.0","1","0","0","0","0","0","0","0","0","0","0"
"Phil Jagielka","SHU","D","375","FA","@CHE Sun 6:30AM","0","0","0%","0%","0","0","0","0","0","0","0","0","0","0","0","0","0","0","0","0","0","0","0","0","0","0","0","0"
"Adam Forshaw","LEE","M","376","FA","@CRY Sun 4:00AM","0","0","0%","0%","0","0","0","0","0","0","0","0","0","0","0","0","0","0","0","0","0","0","0","0","0","0","0","0"
"Davy Propper","BHA","M","377","W (Mon)","BUR 0<br/>@BHA 0 F","0","0","1%","-0.1%","0","0","0","0","0","0","0","0","0","0","0","0","0","0","0","0","0","0","0","0","0","0","0","0"
"Dwight Gayle","NEW","F","378","W (Mon)","NEW 0<br/>@SOU 2 F","0","0","1%","0%","0","0","0","0","0","0","0","0","0","0","0","0","0","0","0","0","0","0","0","0","0","0","0","0"
"Yannick Bolasie","EVE","F","379","FA","MUN Sun 1:30AM","0","0","0%","0%","0","0","0","0","0","0","0","0","0","0","0","0","0","0","0","0","0","0","0","0","0","0","0","0"
"Terence Kongolo","FUL","D","380","FA","@WHU Sun 9:00AM","0","0","0%","0%","0","0","0","0","0","0","0","0","0","0","0","0","0","0","0","0","0","0","0","0","0","0","0","0"
"Jack Rodwell","SHU","M","381","FA","@CHE Sun 6:30AM","0","0","0%","0%","0","0","0","0","0","0","0","0","0","0","0","0","0","0","0","0","0","0","0","0","0","0","0","0"
"Anwar El Ghazi","AVL","M,F","382","FA","@ARS Mon 8:15AM","0","0","4%","-0.3%","0","0","0","0","0","0","0","0","0","0","0","0","0","0","0","0","0","0","0","0","0","0","0","0"
"William Saliba","ARS","D","383","FA","AVL Mon 8:15AM","0","0","16%","-0.6%","0","0","0","0","0","0","0","0","0","0","0","0","0","0","0","0","0","0","0","0","0","0","0","0"
"Adrian Bernabe","MCI","M","384","FA","LIV Mon 5:30AM","0","0","0%","0%","0","0","0","0","0","0","0","0","0","0","0","0","0","0","0","0","0","0","0","0","0","0","0","0"
"Jack Clarke","TOT","F","385","FA","@WBA Mon 1:00AM","0","0","0%","-0.1%","0","0","0","0","0","0","0","0","0","0","0","0","0","0","0","0","0","0","0","0","0","0","0","0"
"Elliot Anderson","NEW","M","386","W (Mon)","NEW 0<br/>@SOU 2 F","0","0","0%","+0.1%","0","0","0","0","0","0","0","0","0","0","0","0","0","0","0","0","0","0","0","0","0","0","0","0"
"Andi Zeqiri","BHA","F","387","W (Mon)","BUR 0<br/>@BHA 0 F","0","0","0%","0%","0","0","0","0","0","0","0","0","0","0","0","0","0","0","0","0","0","0","0","0","0","0","0","0"
"Neil Taylor","AVL","D","388","FA","@ARS Mon 8:15AM","0","0","0%","0%","0","0","0","0","0","0","0","0","0","0","0","0","0","0","0","0","0","0","0","0","0","0","0","0"
"Kayne Ramsay","SOU","D","389","W (Mon)","NEW 0<br/>@SOU 2 F","0","0","3%","-97.4%","0","0","0","0","0","0","0","0","0","0","0","0","0","0","0","0","0","0","0","0","0","0","0","0"
"Cedric Soares","ARS","D,M","390","FA","AVL Mon 8:15AM","0","0","1%","-0.1%","0","0","0","0","0","0","0","0","0","0","0","0","0","0","0","0","0","0","0","0","0","0","0","0"
"Fabio Carvalho","FUL","M","391","FA","@WHU Sun 9:00AM","0","0","0%","0%","0","0","0","0","0","0","0","0","0","0","0","0","0","0","0","0","0","0","0","0","0","0","0","0"
"Ciaran Clark","NEW","D","392","W (Mon)","NEW 0<br/>@SOU 2 F","0","0","1%","0%","0","0","0","0","0","0","0","0","0","0","0","0","0","0","0","0","0","0","0","0","0","0","0","0"
"Jean Michael Seri","FUL","M","393","FA","@WHU Sun 9:00AM","0","0","0%","0%","0","0","0","0","0","0","0","0","0","0","0","0","0","0","0","0","0","0","0","0","0","0","0","0"
"Oskar Buur","WOL","D","394","FA","@LEI Mon 3:00AM","0","0","0%","0%","1","0","0","0","0","0","0","1","0","0","0","13","92.9","0","0","0","0","0","1","0","0","0","0","0"
"Kortney Hause","AVL","D","395","FA","@ARS Mon 8:15AM","0","0","1%","0%","0","0","0","0","0","0","0","0","0","0","0","0","0","0","0","0","0","0","0","0","0","0","0","0"
"Emmanuel Longelo","WHU","F","396","FA","FUL Sun 9:00AM","0","0","0%","0%","0","0","0","0","0","0","0","0","0","0","0","0","0","0","0","0","0","0","0","0","0","0","0","0"
"Daniel N'Lundulu","SOU","F","397","W (Mon)","NEW 0<br/>@SOU 2 F","0","0","0%","0%","1","0","0","0","0","0","0","0","0","0","0","2","100.0","0","0","0","0","0","0","0","0","0","0","0"
"Jake Vokins","SOU","D","398","W (Mon)","NEW 0<br/>@SOU 2 F","0","0","0%","0%","0","0","0","0","0","0","0","0","0","0","0","0","0","0","0","0","0","0","0","0","0","0","0","0"
"Felix Nmecha","MCI","M","399","FA","LIV Mon 5:30AM","0","0","0%","0%","0","0","0","0","0","0","0","0","0","0","0","0","0","0","0","0","0","0","0","0","0","0","0","0"
"Jesse Lingard","MUN","M","400","FA","@EVE Sun 1:30AM","0","0","1%","-0.2%","0","0","0","0","0","0","0","0","0","0","0","0","0","0","0","0","0","0","0","0","0","0","0","0"
"Lys Mousset","SHU","F","401","FA","@CHE Sun 6:30AM","0","0","2%","0%","0","0","0","0","0","0","0","0","0","0","0","0","0","0","0","0","0","0","0","0","0","0","0","0"
"Phil Jones","MUN","D","402","FA","@EVE Sun 1:30AM","0","0","1%","+0.2%","0","0","0","0","0","0","0","0","0","0","0","0","0","0","0","0","0","0","0","0","0","0","0","0"
"Frederic Guilbert","AVL","D,M","403","FA","@ARS Mon 8:15AM","0","0","1%","-0.1%","0","0","0","0","0","0","0","0","0","0","0","0","0","0","0","0","0","0","0","0","0","0","0","0"
"Sepp van den Berg","LIV","D","404","FA","@MCI Mon 5:30AM","0","0","0%","0%","0","0","0","0","0","0","0","0","0","0","0","0","0","0","0","0","0","0","0","0","0","0","0","0"
"Rhys Williams","LIV","D","405","FA","@MCI Mon 5:30AM","0","0","2%","-3.5%","0","0","0","0","0","0","0","0","0","0","0","0","0","0","0","0","0","0","0","0","0","0","0","0"
"Diego Llorente","LEE","D","406","FA","@CRY Sun 4:00AM","0","0","3%","+0.1%","0","0","0","0","0","0","0","0","0","0","0","0","0","0","0","0","0","0","0","0","0","0","0","0"
"Demarai Gray","LEI","M","407","FA","WOL Mon 3:00AM","0","0","1%","0%","0","0","0","0","0","0","0","0","0","0","0","0","0","0","0","0","0","0","0","0","0","0","0","0"
"Conor Coventry","WHU","M","408","FA","FUL Sun 9:00AM","0","0","0%","0%","0","0","0","0","0","0","0","0","0","0","0","0","0","0","0","0","0","0","0","0","0","0","0","0"
"Alex Oxlade-Chamberlain","LIV","M,F","409","FA","@MCI Mon 5:30AM","0","0","11%","-0.2%","0","0","0","0","0","0","0","0","0","0","0","0","0","0","0","0","0","0","0","0","0","0","0","0"
"Jake Cain","LIV","M","410","FA","@MCI Mon 5:30AM","0","0","0%","+0.2%","0","0","0","0","0","0","0","0","0","0","0","0","0","0","0","0","0","0","0","0","0","0","0","0"
"Zak Brunt","SHU","M","411","FA","@CHE Sun 6:30AM","0","0","0%","0%","0","0","0","0","0","0","0","0","0","0","0","0","0","0","0","0","0","0","0","0","0","0","0","0"
"Joe Rodon","TOT","D","412","FA","@WBA Mon 1:00AM","0","0","1%","-0.4%","1","0","0","0","0","0","0","0","0","0","0","0","0","0","0","0","0","0","0","0","0","0","0","0"
"Cedric Kipre","WBA","D","413","FA","TOT Mon 1:00AM","0","0","0%","0%","0","0","0","0","0","0","0","0","0","0","0","0","0","0","0","0","0","0","0","0","0","0","0","0"
"Konstantinos Tsimikas","LIV","D","414","FA","@MCI Mon 5:30AM","0","0","1%","0%","0","0","0","0","0","0","0","0","0","0","0","0","0","0","0","0","0","0","0","0","0","0","0","0"
"Emile Smith Rowe","ARS","M","415","FA","AVL Mon 8:15AM","0","0","1%","0%","0","0","0","0","0","0","0","0","0","0","0","0","0","0","0","0","0","0","0","0","0","0","0","0"
"Paul Dummett","NEW","D","416","W (Mon)","NEW 0<br/>@SOU 2 F","0","0","0%","0%","0","0","0","0","0","0","0","0","0","0","0","0","0","0","0","0","0","0","0","0","0","0","0","0"
"Henri Saivet","NEW","M","417","W (Mon)","NEW 0<br/>@SOU 2 F","0","0","0%","0%","0","0","0","0","0","0","0","0","0","0","0","0","0","0","0","0","0","0","0","0","0","0","0","0"
"Josh Benson","BUR","M","418","W (Mon)","BUR 0<br/>@BHA 0 F","0","0","0%","0%","0","0","0","0","0","0","0","0","0","0","0","0","0","0","0","0","0","0","0","0","0","0","0","0"
"Jonny","WOL","D,M","419","FA","@LEI Mon 3:00AM","0","0","21%","-0.6%","0","0","0","0","0","0","0","0","0","0","0","0","0","0","0","0","0","0","0","0","0","0","0","0"
"Henri Lansbury","AVL","M","420","FA","@ARS Mon 8:15AM","0","0","0%","0%","0","0","0","0","0","0","0","0","0","0","0","0","0","0","0","0","0","0","0","0","0","0","0","0"
"Beni Baningime","EVE","M","421","FA","MUN Sun 1:30AM","0","0","0%","0%","0","0","0","0","0","0","0","0","0","0","0","0","0","0","0","0","0","0","0","0","0","0","0","0"
"Alex Telles","MUN","D","422","BS420FC","@EVE Sun 1:30AM","0","0","75%","-1.6%","0","0","0","0","0","0","0","0","0","0","0","0","0","0","0","0","0","0","0","0","0","0","0","0"
"DeAndre Yedlin","NEW","D","423","W (Mon)","NEW 0<br/>@SOU 2 F","0","0","1%","0%","0","0","0","0","0","0","0","0","0","0","0","0","0","0","0","0","0","0","0","0","0","0","0","0"
"Connor Wickham","CRY","F","424","FA","LEE Sun 4:00AM","0","0","1%","+0.3%","0","0","0","0","0","0","0","0","0","0","0","0","0","0","0","0","0","0","0","0","0","0","0","0"
"Wesley","AVL","F","425","FA","@ARS Mon 8:15AM","0","0","3%","+0.1%","0","0","0","0","0","0","0","0","0","0","0","0","0","0","0","0","0","0","0","0","0","0","0","0"
"Craig Dawson","WHU","D","426","FA","FUL Sun 9:00AM","0","0","0%","0%","0","0","0","0","0","0","0","0","0","0","0","0","0","0","0","0","0","0","0","0","0","0","0","0"
"Reiss Nelson","ARS","M,F","427","FA","AVL Mon 8:15AM","0","0","1%","0%","0","0","0","0","0","0","0","0","0","0","0","0","0","0","0","0","0","0","0","0","0","0","0","0"
"Joseph Willock","ARS","M","428","FA","AVL Mon 8:15AM","0","0","1%","+0.2%","0","0","0","0","0","0","0","0","0","0","0","0","0","0","0","0","0","0","0","0","0","0","0","0"
"Max Sanders","BHA","M","429","W (Mon)","BUR 0<br/>@BHA 0 F","0","0","0%","0%","0","0","0","0","0","0","0","0","0","0","0","0","0","0","0","0","0","0","0","0","0","0","0","0"
"Carlos Vinicius","TOT","F","430","FA","@WBA Mon 1:00AM","0","0","10%","-3%","0","0","0","0","0","0","0","0","0","0","0","0","0","0","0","0","0","0","0","0","0","0","0","0"
"Peter Gwargis","BHA","M","431","W (Mon)","BUR 0<br/>@BHA 0 F","0","0","0%","+0.1%","0","0","0","0","0","0","0","0","0","0","0","0","0","0","0","0","0","0","0","0","0","0","0","0"
"Romaric Yapi","BHA","D","432","W (Mon)","BUR 0<br/>@BHA 0 F","0","0","0%","0%","0","0","0","0","0","0","0","0","0","0","0","0","0","0","0","0","0","0","0","0","0","0","0","0"
"Teddy Jenks","BHA","M","433","W (Mon)","BUR 0<br/>@BHA 0 F","0","0","0%","+0.1%","0","0","0","0","0","0","0","0","0","0","0","0","0","0","0","0","0","0","0","0","0","0","0","0"
"Folarin Balogun","ARS","F","434","FA","AVL Mon 8:15AM","0","0","0%","-","0","0","0","0","0","0","0","0","0","0","0","0","0","0","0","0","0","0","0","0","0","0","0","0"
"Christian Atsu","NEW","M","435","W (Mon)","NEW 0<br/>@SOU 2 F","0","0","0%","0%","0","0","0","0","0","0","0","0","0","0","0","0","0","0","0","0","0","0","0","0","0","0","0","0"
"Pablo Mari","ARS","D","436","FA","AVL Mon 8:15AM","0","0","1%","+0.1%","0","0","0","0","0","0","0","0","0","0","0","0","0","0","0","0","0","0","0","0","0","0","0","0"
"Facundo Pellistri","MUN","M","437","FA","@EVE Sun 1:30AM","0","0","2%","-0.2%","0","0","0","0","0","0","0","0","0","0","0","0","0","0","0","0","0","0","0","0","0","0","0","0"
"Neco Williams","LIV","D","438","FA","@MCI Mon 5:30AM","0","0","1%","0%","0","0","0","0","0","0","0","0","0","0","0","0","0","0","0","0","0","0","0","0","0","0","0","0"
"Brandon Williams","MUN","D,M","439","FA","@EVE Sun 1:30AM","0","0","7%","-0.1%","0","0","0","0","0","0","0","0","0","0","0","0","0","0","0","0","0","0","0","0","0","0","0","0"
"Meritan Shabani","WOL","M","440","FA","@LEI Mon 3:00AM","0","0","0%","0%","0","0","0","0","0","0","0","0","0","0","0","0","0","0","0","0","0","0","0","0","0","0","0","0"
"Emerson","CHE","D","441","FA","SHU Sun 6:30AM","0","0","0%","0%","0","0","0","0","0","0","0","0","0","0","0","0","0","0","0","0","0","0","0","0","0","0","0","0"
"Leonardo Campana","WOL","F","442","FA","@LEI Mon 3:00AM","0","0","0%","+0.1%","0","0","0","0","0","0","0","0","0","0","0","0","0","0","0","0","0","0","0","0","0","0","0","0"
"Tyrese Francois","FUL","M","443","FA","@WHU Sun 9:00AM","0","0","0%","0%","0","0","0","0","0","0","0","0","0","0","0","0","0","0","0","0","0","0","0","0","0","0","0","0"
"James Tomkins","CRY","D","444","FA","LEE Sun 4:00AM","0","0","1%","0%","0","0","0","0","0","0","0","0","0","0","0","0","0","0","0","0","0","0","0","0","0","0","0","0"
"Lee Peltier","WBA","D","445","FA","TOT Mon 1:00AM","0","0","0%","0%","0","0","0","0","0","0","0","0","0","0","0","0","0","0","0","0","0","0","0","0","0","0","0","0"
"Jose Izquierdo","BHA","F","446","W (Mon)","BUR 0<br/>@BHA 0 F","0","0","0%","0%","0","0","0","0","0","0","0","0","0","0","0","0","0","0","0","0","0","0","0","0","0","0","0","0"
"Goncalo Cardoso","WHU","D","447","FA","FUL Sun 9:00AM","0","0","0%","0%","0","0","0","0","0","0","0","0","0","0","0","0","0","0","0","0","0","0","0","0","0","0","0","0"
"Anthony Driscoll-Glennon","BUR","D","448","W (Mon)","BUR 0<br/>@BHA 0 F","0","0","0%","+0.1%","0","0","0","0","0","0","0","0","0","0","0","0","0","0","0","0","0","0","0","0","0","0","0","0"
"Ricardo Pereira","LEI","D","449","ratzzz","WOL Mon 3:00AM","0","0","87%","+0.2%","0","0","0","0","0","0","0","0","0","0","0","0","0","0","0","0","0","0","0","0","0","0","0","0"
"Cole Palmer","MCI","M","450","FA","LIV Mon 5:30AM","0","0","0%","0%","0","0","0","0","0","0","0","0","0","0","0","0","0","0","0","0","0","0","0","0","0","0","0","0"
"Ethan Fitzhugh","LEI","M","451","W (Mon)","WOL Mon 3:00AM","0","0","1%","-98.7%","0","0","0","0","0","0","0","0","0","0","0","0","0","0","0","0","0","0","0","0","0","0","0","0"
"Bjorn Engels","AVL","D","452","FA","@ARS Mon 8:15AM","0","0","1%","0%","0","0","0","0","0","0","0","0","0","0","0","0","0","0","0","0","0","0","0","0","0","0","0","0"
"Stefan Johansen","FUL","M","453","FA","@WHU Sun 9:00AM","0","0","0%","0%","0","0","0","0","0","0","0","0","0","0","0","0","0","0","0","0","0","0","0","0","0","0","0","0"
"Kevin McDonald","FUL","M","454","FA","@WHU Sun 9:00AM","0","0","0%","0%","0","0","0","0","0","0","0","0","0","0","0","0","0","0","0","0","0","0","0","0","0","0","0","0"
"Florin Andone","BHA","F","455","W (Mon)","BUR 0<br/>@BHA 0 F","0","0","1%","-0.1%","0","0","0","0","0","0","0","0","0","0","0","0","0","0","0","0","0","0","0","0","0","0","0","0"
"Ellis Simms","EVE","F","456","FA","MUN Sun 1:30AM","0","0","0%","-","0","0","0","0","0","0","0","0","0","0","0","0","0","0","0","0","0","0","0","0","0","0","0","0"
"Gabriel Martinelli","ARS","M","457","WW69","AVL Mon 8:15AM","0","0","8%","-0.1%","0","0","0","0","0","0","0","0","0","0","0","0","0","0","0","0","0","0","0","0","0","0","0","0"
"Jayden Bogle","SHU","D","458","FA","@CHE Sun 6:30AM","0","0","0%","0%","0","0","0","0","0","0","0","0","0","0","0","0","0","0","0","0","0","0","0","0","0","0","0","0"
"Oliver Casey","LEE","D","459","FA","@CRY Sun 4:00AM","0","0","0%","0%","0","0","0","0","0","0","0","0","0","0","0","0","0","0","0","0","0","0","0","0","0","0","0","0"
"Jean-Philippe Gbamin","EVE","M","460","FA","MUN Sun 1:30AM","0","0","1%","+0.1%","0","0","0","0","0","0","0","0","0","0","0","0","0","0","0","0","0","0","0","0","0","0","0","0"
"Mesut Ozil","ARS","M","461","FA","AVL Mon 8:15AM","0","0","4%","-0.3%","0","0","0","0","0","0","0","0","0","0","0","0","0","0","0","0","0","0","0","0","0","0","0","0"
"Muhamed Besic","EVE","M","462","FA","MUN Sun 1:30AM","0","0","0%","0%","0","0","0","0","0","0","0","0","0","0","0","0","0","0","0","0","0","0","0","0","0","0","0","0"
"Mohammed Salisu","SOU","D","463","W (Mon)","NEW 0<br/>@SOU 2 F","0","0","2%","-0.3%","0","0","0","0","0","0","0","0","0","0","0","0","0","0","0","0","0","0","0","0","0","0","0","0"
"Max Thompson","BUR","F","464","W (Mon)","BUR 0<br/>@BHA 0 F","0","0","0%","-99.9%","0","0","0","0","0","0","0","0","0","0","0","0","0","0","0","0","0","0","0","0","0","0","0","0"
"Jarrad Branthwaite","EVE","D","465","FA","MUN Sun 1:30AM","0","0","0%","0%","0","0","0","0","0","0","0","0","0","0","0","0","0","0","0","0","0","0","0","0","0","0","0","0"
"Nya Kirby","CRY","M","466","FA","LEE Sun 4:00AM","0","0","0%","+0.1%","0","0","0","0","0","0","0","0","0","0","0","0","0","0","0","0","0","0","0","0","0","0","0","0"
"Billy Gilmour","CHE","M","467","FA","SHU Sun 6:30AM","0","0","1%","0%","0","0","0","0","0","0","0","0","0","0","0","0","0","0","0","0","0","0","0","0","0","0","0","0"
"Jayson Molumby","BHA","M","468","W (Mon)","BUR 0<br/>@BHA 0 F","0","0","0%","0%","0","0","0","0","0","0","0","0","0","0","0","0","0","0","0","0","0","0","0","0","0","0","0","0"
"Axel Tuanzebe","MUN","D","469","FA","@EVE Sun 1:30AM","0","0","4%","-2.2%","0","0","0","0","0","0","0","0","0","0","0","0","0","0","0","0","0","0","0","0","0","0","0","0"
"Bobby Thomas","BUR","D","470","W (Mon)","BUR 0<br/>@BHA 0 F","0","0","0%","0%","0","0","0","0","0","0","0","0","0","0","0","0","0","0","0","0","0","0","0","0","0","0","0","0"
"Japhet Tanganga","TOT","D","471","FA","@WBA Mon 1:00AM","0","0","2%","0%","0","0","0","0","0","0","0","0","0","0","0","0","0","0","0","0","0","0","0","0","0","0","0","0"
"Kamil Grosicki","WBA","M","472","FA","TOT Mon 1:00AM","0","0","1%","0%","0","0","0","0","0","0","0","0","0","0","0","0","0","0","0","0","0","0","0","0","0","0","0","0"
"Nathan Ferguson","CRY","D","473","FA","LEE Sun 4:00AM","0","0","1%","-0.1%","0","0","0","0","0","0","0","0","0","0","0","0","0","0","0","0","0","0","0","0","0","0","0","0"
"Dennis Cirkin","TOT","D","474","FA","@WBA Mon 1:00AM","0","0","0%","0%","0","0","0","0","0","0","0","0","0","0","0","0","0","0","0","0","0","0","0","0","0","0","0","0"
"Gedson Fernandes","TOT","M","475","FA","@WBA Mon 1:00AM","0","0","1%","-0.1%","0","0","0","0","0","0","0","0","0","0","0","0","0","0","0","0","0","0","0","0","0","0","0","0"
"Mace Goodridge","BUR","M","476","W (Mon)","BUR 0<br/>@BHA 0 F","0","0","0%","0%","0","0","0","0","0","0","0","0","0","0","0","0","0","0","0","0","0","0","0","0","0","0","0","0"
"Kean Bryan","SHU","D","477","FA","@CHE Sun 6:30AM","0","0","0%","0%","0","0","0","0","0","0","0","0","0","0","0","0","0","0","0","0","0","0","0","0","0","0","0","0"
"Mason Holgate","EVE","D","478","FA","MUN Sun 1:30AM","0","0","3%","+0.3%","0","0","0","0","0","0","0","0","0","0","0","0","0","0","0","0","0","0","0","0","0","0","0","0"
"Sam Woods","CRY","D","479","FA","LEE Sun 4:00AM","0","0","0%","+0.1%","0","0","0","0","0","0","0","0","0","0","0","0","0","0","0","0","0","0","0","0","0","0","0","0"
"Charlie Austin","WBA","F","480","FA","TOT Mon 1:00AM","0","0","6%","-0.3%","0","0","0","0","0","0","0","0","0","0","0","0","0","0","0","0","0","0","0","0","0","0","0","0"
"Charlie Cresswell","LEE","D","481","FA","@CRY Sun 4:00AM","0","0","0%","+0.1%","0","0","0","0","0","0","0","0","0","0","0","0","0","0","0","0","0","0","0","0","0","0","0","0"
"Harrison Ashby","WHU","D","482","FA","FUL Sun 9:00AM","0","0","0%","+0.1%","0","0","0","0","0","0","0","0","0","0","0","0","0","0","0","0","0","0","0","0","0","0","0","0"
"Ajibola Alese","WHU","D","483","FA","FUL Sun 9:00AM","0","0","0%","0%","0","0","0","0","0","0","0","0","0","0","0","0","0","0","0","0","0","0","0","0","0","0","0","0"
"Brandon Pierrick","CRY","F","484","FA","LEE Sun 4:00AM","0","0","0%","0%","0","0","0","0","0","0","0","0","0","0","0","0","0","0","0","0","0","0","0","0","0","0","0","0"
"Jack Cork","BUR","M","485","W (Mon)","BUR 0<br/>@BHA 0 F","0","0","1%","0%","0","0","0","0","0","0","0","0","0","0","0","0","0","0","0","0","0","0","0","0","0","0","0","0"
"Marcos Rojo","MUN","D","486","FA","@EVE Sun 1:30AM","0","0","0%","0%","0","0","0","0","0","0","0","0","0","0","0","0","0","0","0","0","0","0","0","0","0","0","0","0"
"Martin Kelly","CRY","D","487","FA","LEE Sun 4:00AM","0","0","0%","0%","0","0","0","0","0","0","0","0","0","0","0","0","0","0","0","0","0","0","0","0","0","0","0","0"
"Lars Dendoncker","BHA","M","488","W (Mon)","BUR 0<br/>@BHA 0 F","0","0","0%","0%","0","0","0","0","0","0","0","0","0","0","0","0","0","0","0","0","0","0","0","0","0","0","0","0"
"Lewis Richardson","BUR","M","489","W (Mon)","BUR 0<br/>@BHA 0 F","0","0","0%","-","0","0","0","0","0","0","0","0","0","0","0","0","0","0","0","0","0","0","0","0","0","0","0","0"
"Owen Otasowie","WOL","M","490","FA","@LEI Mon 3:00AM","0","0","0%","0%","0","0","0","0","0","0","0","0","0","0","0","0","0","0","0","0","0","0","0","0","0","0","0","0"
"Teden Mengi","MUN","D","491","FA","@EVE Sun 1:30AM","0","0","0%","0%","0","0","0","0","0","0","0","0","0","0","0","0","0","0","0","0","0","0","0","0","0","0","0","0"
"Taylor Harwood-Bellis","MCI","D","492","FA","LIV Mon 5:30AM","0","0","0%","+0.1%","0","0","0","0","0","0","0","0","0","0","0","0","0","0","0","0","0","0","0","0","0","0","0","0"
"Tommy Doyle","MCI","M","493","FA","LIV Mon 5:30AM","0","0","0%","0%","0","0","0","0","0","0","0","0","0","0","0","0","0","0","0","0","0","0","0","0","0","0","0","0"
"Divock Origi","LIV","F","494","FA","@MCI Mon 5:30AM","0","0","3%","-0.1%","0","0","0","0","0","0","0","0","0","0","0","0","0","0","0","0","0","0","0","0","0","0","0","0"
"Sokratis","ARS","D","495","FA","AVL Mon 8:15AM","0","0","0%","-0.1%","0","0","0","0","0","0","0","0","0","0","0","0","0","0","0","0","0","0","0","0","0","0","0","0"
"Calum Chambers","ARS","D","496","FA","AVL Mon 8:15AM","0","0","1%","+0.1%","0","0","0","0","0","0","0","0","0","0","0","0","0","0","0","0","0","0","0","0","0","0","0","0"
"Antonio Rudiger","CHE","D","497","FA","SHU Sun 6:30AM","0","0","11%","-0.7%","0","0","0","0","0","0","0","0","0","0","0","0","0","0","0","0","0","0","0","0","0","0","0","0"
"Yan Valery","SOU","D,M","498","W (Mon)","NEW 0<br/>@SOU 2 F","0","0","1%","+0.2%","0","0","0","0","0","0","0","0","0","0","0","0","0","0","0","0","0","0","0","0","0","0","0","0"
"Max Meyer","CRY","M","499","FA","LEE Sun 4:00AM","0","0","0%","0%","0","0","0","0","0","0","0","0","0","0","0","0","0","0","0","0","0","0","0","0","0","0","0","0"
"Harvey White","TOT","M","500","FA","@WBA Mon 1:00AM","0","0","0%","0%","0","0","0","0","0","0","0","0","0","0","0","0","0","0","0","0","0","0","0","0","0","0","0","0"
"Thakgalo Leshabela","LEI","M","501","W (Mon)","WOL Mon 3:00AM","0","0","1%","-98.7%","0","0","0","0","0","0","0","0","0","0","0","0","0","0","0","0","0","0","0","0","0","0","0","0"
"Leif Davis","LEE","D","502","FA","@CRY Sun 4:00AM","-0.25","-0.25","0%","0%","1","0","0","0","0","0","0","1","0","0","0","5","100.0","1","0","0","0","0","0","0","0","0","0","0"
"Michael Obafemi","SOU","F","503","W (Mon)","NEW 0<br/>@SOU 2 F","-1","-1","1%","+0.1%","1","0","0","0","0","0","0","2","0","0","0","3","100.0","0","0","0","0","0","0","0","0","0","0","0"
"Odion Ighalo","MUN","F","504","FA","@EVE Sun 1:30AM","-1","-1","1%","+0.1%","1","0","0","0","0","0","0","2","0","0","0","2","100.0","0","0","0","0","0","0","0","0","0","0","0"
"Eric Bailly","MUN","D","505","FA","@EVE Sun 1:30AM","-3","-1.5","1%","-0.1%","2","0","0","0","0","0","0","0","1","1","0","32","84.2","0","0","2","4","1","2","0","0","7","0","0"
"Kieran Gibbs","WBA","D","506","FA","TOT Mon 1:00AM","-3","-1.5","1%","-0.1%","2","0","0","1","0","0","0","0","0","0","1","55","80.9","10","0","2","2","0","1","0","0","5","0","0"